Date,Close*
8/31/2022,89.55
8/30/2022,91.64
8/29/2022,97.01
8/26/2022,93.06
8/25/2022,92.52
8/24/2022,94.89
8/23/2022,93.74
8/22/2022,90.23
8/19/2022,90.77
8/18/2022,90.5
8/17/2022,88.11
8/16/2022,86.53
8/15/2022,89.41
8/12/2022,92.09
8/11/2022,94.34
8/10/2022,91.93
8/9/2022,90.5
8/8/2022,90.76
8/5/2022,89.01
8/4/2022,88.54
8/3/2022,90.66
8/2/2022,94.42
8/1/2022,93.89
7/29/2022,98.62
7/28/2022,96.42
7/27/2022,97.26
7/26/2022,94.98
7/25/2022,96.7
7/22/2022,94.7
7/21/2022,96.35
7/20/2022,102.26
7/19/2022,104.22
7/18/2022,102.6
7/15/2022,97.59
7/14/2022,95.78
7/13/2022,96.3
7/12/2022,95.84
7/11/2022,104.09
7/8/2022,104.79
7/7/2022,102.73
7/6/2022,98.53
7/5/2022,99.5
7/1/2022,108.43
6/30/2022,105.76
6/29/2022,109.78
6/28/2022,111.76
6/27/2022,109.57
6/24/2022,107.62
6/23/2022,104.27
6/22/2022,106.19
6/21/2022,110.65
6/17/2022,109.56
6/16/2022,117.59
6/15/2022,115.31
6/14/2022,118.93
6/13/2022,120.93
6/10/2022,120.67
6/9/2022,121.51
6/8/2022,122.11
6/7/2022,119.41
6/6/2022,118.5
6/3/2022,118.87
6/2/2022,116.87
6/1/2022,115.26
5/31/2022,114.67
5/27/2022,115.07
5/26/2022,114.09
5/25/2022,110.33
5/24/2022,109.77
5/23/2022,110.29
5/20/2022,113.23
5/19/2022,112.21
5/18/2022,109.59
5/17/2022,112.4
5/16/2022,114.2
5/13/2022,110.49
5/12/2022,106.13
5/11/2022,105.71
5/10/2022,99.76
5/9/2022,103.09
5/6/2022,109.77
5/5/2022,108.26
5/4/2022,107.81
5/3/2022,102.41
5/2/2022,105.17
4/29/2022,104.69
4/28/2022,105.36
4/27/2022,102.02
4/26/2022,101.7
4/25/2022,98.54
4/22/2022,102.07
4/21/2022,103.79
4/20/2022,102.75
4/19/2022,102.56
4/18/2022,108.21
4/14/2022,106.95
4/13/2022,104.25
4/12/2022,100.6
4/11/2022,94.29
4/8/2022,98.26
4/7/2022,96.03
4/6/2022,96.23
4/5/2022,101.96
4/4/2022,103.28
4/1/2022,99.27
3/31/2022,100.28
3/30/2022,107.82
3/29/2022,104.24
3/28/2022,105.96
3/25/2022,113.9
3/24/2022,112.34
3/23/2022,114.93
3/22/2022,111.76
3/21/2022,112.12
3/18/2022,104.7
3/17/2022,102.98
3/16/2022,95.04
3/15/2022,96.44
3/14/2022,103.01
3/11/2022,109.33
3/10/2022,106.02
3/9/2022,108.7
3/8/2022,123.7
3/7/2022,119.4
3/4/2022,115.68
3/3/2022,107.67
3/2/2022,110.6
3/1/2022,103.41
2/28/2022,95.72
2/25/2022,91.59
2/24/2022,92.81
2/23/2022,92.1
2/22/2022,92.35
2/18/2022,91.07
2/17/2022,91.76
2/16/2022,93.66
2/15/2022,92.07
2/14/2022,95.46
2/11/2022,93.1
2/10/2022,89.88
2/9/2022,89.66
2/8/2022,89.36
2/7/2022,91.32
2/4/2022,92.31
2/3/2022,90.27
2/2/2022,88.26
2/1/2022,88.2
1/31/2022,88.15
1/28/2022,86.82
1/27/2022,86.61
1/26/2022,87.35
1/25/2022,85.6
1/24/2022,83.31
1/21/2022,85.14
1/20/2022,86.9
1/19/2022,86.96
1/18/2022,85.43
1/14/2022,83.82
1/13/2022,82.12
1/12/2022,82.64
1/11/2022,81.22
1/10/2022,78.23
1/7/2022,78.9
1/6/2022,79.46
1/5/2022,77.85
1/4/2022,76.99
1/3/2022,76.08
12/31/2021,75.21
12/30/2021,76.99
12/29/2021,76.56
12/28/2021,75.98
12/27/2021,75.57
12/23/2021,73.79
12/22/2021,72.76
12/21/2021,71.12
12/20/2021,68.23
12/17/2021,70.86
12/16/2021,72.38
12/15/2021,70.87
12/14/2021,70.73
12/13/2021,71.29
12/10/2021,71.67
12/9/2021,70.94
12/8/2021,72.36
12/7/2021,72.05
12/6/2021,69.49
12/3/2021,66.26
12/2/2021,66.5
12/1/2021,65.57
11/30/2021,66.18
11/29/2021,69.95
11/26/2021,68.15
11/24/2021,78.39
11/23/2021,78.5
11/22/2021,76.75
11/19/2021,76.1
11/18/2021,79.01
11/17/2021,78.36
11/16/2021,80.76
11/15/2021,80.88
11/12/2021,80.79
11/11/2021,81.59
11/10/2021,81.34
11/9/2021,84.15
11/8/2021,81.93
11/5/2021,81.27
11/4/2021,78.81
11/3/2021,80.86
11/2/2021,83.91
11/1/2021,84.05
10/29/2021,83.57
10/28/2021,82.81
10/27/2021,82.66
10/26/2021,84.65
10/25/2021,83.76
10/22/2021,83.76
10/21/2021,82.5
10/20/2021,83.87
10/19/2021,82.96
10/18/2021,82.44
10/15/2021,82.28
10/14/2021,81.31
10/13/2021,80.44
10/12/2021,80.64
10/11/2021,80.52
10/8/2021,79.35
10/7/2021,78.3
10/6/2021,77.43
10/5/2021,78.93
10/4/2021,77.62
10/1/2021,75.88
9/30/2021,75.03
9/29/2021,74.83
9/28/2021,75.29
9/27/2021,75.45
9/24/2021,73.98
9/23/2021,73.3
9/22/2021,72.23
9/21/2021,70.56
9/20/2021,70.29
9/17/2021,71.97
9/16/2021,72.61
9/15/2021,72.61
9/14/2021,70.46
9/13/2021,70.45
9/10/2021,69.72
9/9/2021,68.14
9/8/2021,69.3
9/7/2021,68.35
9/3/2021,69.29
9/2/2021,69.99
9/1/2021,68.59
8/31/2021,68.5
8/30/2021,69.21
8/27/2021,68.74
8/26/2021,67.42
8/25/2021,68.36
8/24/2021,67.54
8/23/2021,65.64
8/20/2021,62.32
8/19/2021,63.69
8/18/2021,65.46
8/17/2021,66.59
8/16/2021,67.29
8/13/2021,68.44
8/12/2021,69.09
8/11/2021,69.25
8/10/2021,68.29
8/9/2021,66.48
8/6/2021,68.28
8/5/2021,69.09
8/4/2021,68.15
8/3/2021,70.56
8/2/2021,71.26
7/30/2021,73.95
7/29/2021,73.62
7/28/2021,72.39
7/27/2021,71.65
7/26/2021,71.91
7/23/2021,72.07
7/22/2021,71.91
7/21/2021,70.3
7/20/2021,67.42
7/19/2021,66.42
7/16/2021,71.81
7/15/2021,71.65
7/14/2021,73.13
7/13/2021,75.25
7/12/2021,74.1
7/9/2021,74.56
7/8/2021,72.94
7/7/2021,72.2
7/6/2021,73.37
7/2/2021,75.16
7/1/2021,75.23
6/30/2021,73.47
6/29/2021,72.98
6/28/2021,72.91
6/25/2021,74.05
6/24/2021,73.3
6/23/2021,73.08
6/22/2021,73.06
6/21/2021,73.66
6/18/2021,71.64
6/17/2021,71.04
6/16/2021,72.15
6/15/2021,72.12
6/14/2021,70.88
6/11/2021,70.91
6/10/2021,70.29
6/9/2021,69.96
6/8/2021,70.05
6/7/2021,69.23
6/4/2021,69.62
6/3/2021,68.81
6/2/2021,68.83
6/1/2021,67.72
5/28/2021,66.32
5/27/2021,66.85
5/26/2021,66.21
5/25/2021,66.07
5/24/2021,66.05
5/21/2021,63.58
5/20/2021,62.05
5/19/2021,63.36
5/18/2021,65.49
5/17/2021,66.27
5/14/2021,65.37
5/13/2021,63.82
5/12/2021,66.08
5/11/2021,65.28
5/10/2021,64.92
5/7/2021,64.9
5/6/2021,64.71
5/5/2021,65.63
5/4/2021,65.69
5/3/2021,64.49
4/30/2021,63.58
4/29/2021,65.01
4/28/2021,63.86
4/27/2021,62.94
4/26/2021,61.91
4/23/2021,62.14
4/22/2021,61.43
4/21/2021,61.35
4/20/2021,62.44
4/19/2021,63.38
4/16/2021,63.13
4/15/2021,63.46
4/14/2021,63.15
4/13/2021,60.18
4/12/2021,59.7
4/9/2021,59.32
4/8/2021,59.6
4/7/2021,59.77
4/6/2021,59.33
4/5/2021,58.65
4/1/2021,61.45
3/31/2021,59.16
3/30/2021,60.55
3/29/2021,61.56
3/26/2021,60.97
3/25/2021,58.56
3/24/2021,61.18
3/23/2021,57.76
3/22/2021,61.55
3/19/2021,61.42
3/18/2021,60
3/17/2021,64.6
3/16/2021,64.8
3/15/2021,65.39
3/12/2021,65.61
3/11/2021,66.02
3/10/2021,64.44
3/9/2021,64.01
3/8/2021,65.05
3/5/2021,66.09
3/4/2021,63.83
3/3/2021,61.28
3/2/2021,59.75
3/1/2021,60.64
2/26/2021,61.5
2/25/2021,63.53
2/24/2021,63.22
2/23/2021,61.67
2/22/2021,61.49
2/19/2021,59.24
2/18/2021,60.52
2/17/2021,61.14
2/16/2021,60.05
2/12/2021,59.47
2/11/2021,58.24
2/10/2021,58.68
2/9/2021,58.36
2/8/2021,57.97
2/5/2021,56.85
2/4/2021,56.23
2/3/2021,55.69
2/2/2021,54.76
2/1/2021,53.55
1/29/2021,52.2
1/28/2021,52.34
1/27/2021,52.85
1/26/2021,52.61
1/25/2021,52.77
1/22/2021,52.27
1/21/2021,53.13
1/20/2021,53.24
1/19/2021,52.98
1/15/2021,52.36
1/14/2021,53.57
1/13/2021,52.91
1/12/2021,53.21
1/11/2021,52.25
1/8/2021,52.24
1/7/2021,50.83
1/6/2021,50.63
1/5/2021,49.93
1/4/2021,47.62
12/31/2020,48.52
12/30/2020,48.4
12/29/2020,48
12/28/2020,47.62
12/24/2020,48.23
12/23/2020,48.12
12/22/2020,47.02
12/21/2020,47.74
12/18/2020,49.1
12/17/2020,48.36
12/16/2020,47.82
12/15/2020,47.62
12/14/2020,46.99
12/11/2020,46.57
12/10/2020,46.78
12/9/2020,45.52
12/8/2020,45.6
12/7/2020,45.76
12/4/2020,46.26
12/3/2020,45.64
12/2/2020,45.28
12/1/2020,44.55
11/30/2020,45.34
11/27/2020,45.53
11/25/2020,45.71
11/24/2020,44.91
11/23/2020,43.06
11/20/2020,42.15
11/19/2020,41.74
11/18/2020,41.82
11/17/2020,41.43
11/16/2020,41.34
11/13/2020,40.13
11/12/2020,41.12
11/11/2020,41.45
11/10/2020,41.36
11/9/2020,40.29
11/6/2020,37.14
11/5/2020,38.79
11/4/2020,39.15
11/3/2020,37.66
11/2/2020,36.81
10/30/2020,35.79
10/29/2020,36.17
10/28/2020,37.39
10/27/2020,39.57
10/26/2020,38.56
10/23/2020,39.85
10/22/2020,40.64
10/21/2020,40.03
10/20/2020,41.46
10/19/2020,40.83
10/16/2020,40.88
10/15/2020,40.96
10/14/2020,41.04
10/13/2020,40.2
10/12/2020,39.43
10/9/2020,40.6
10/8/2020,41.19
10/7/2020,39.95
10/6/2020,40.67
10/5/2020,39.22
10/2/2020,37.05
10/1/2020,38.72
9/30/2020,40.22
9/29/2020,39.29
9/28/2020,40.6
9/25/2020,40.25
9/24/2020,40.31
9/23/2020,39.93
9/22/2020,39.6
9/21/2020,39.31
9/18/2020,41.11
9/17/2020,40.97
9/16/2020,40.16
9/15/2020,38.28
9/14/2020,37.26
9/11/2020,37.33
9/10/2020,37.3
9/9/2020,38.05
9/8/2020,36.76
9/4/2020,39.77
9/3/2020,41.37
9/2/2020,41.51
9/1/2020,42.76
8/31/2020,42.61
8/28/2020,42.97
8/27/2020,43.04
8/26/2020,43.39
8/25/2020,43.35
8/24/2020,42.62
8/21/2020,42.34
8/20/2020,42.58
8/19/2020,42.93
8/18/2020,42.89
8/17/2020,42.89
8/14/2020,42.01
8/13/2020,42.24
8/12/2020,42.67
8/11/2020,41.61
8/10/2020,41.94
8/7/2020,41.22
8/6/2020,41.95
8/5/2020,42.19
8/4/2020,41.7
8/3/2020,41.01
7/31/2020,40.27
7/30/2020,39.92
7/29/2020,41.27
7/28/2020,41.04
7/27/2020,41.6
7/24/2020,41.29
7/23/2020,41.07
7/22/2020,41.9
7/21/2020,41.96
7/20/2020,40.81
7/17/2020,40.59
7/16/2020,40.75
7/15/2020,41.2
7/14/2020,40.29
7/13/2020,40.1
7/10/2020,40.55
7/9/2020,39.62
7/8/2020,40.9
7/7/2020,40.62
7/6/2020,40.63
7/2/2020,40.65
7/1/2020,39.82
6/30/2020,39.27
6/29/2020,39.7
6/26/2020,38.49
6/25/2020,38.72
6/24/2020,38.01
6/23/2020,40.37
6/22/2020,40.46
6/19/2020,39.75
6/18/2020,38.84
6/17/2020,37.96
6/16/2020,38.38
6/15/2020,37.12
6/12/2020,36.26
6/11/2020,36.34
6/10/2020,39.6
6/9/2020,38.94
6/8/2020,38.19
6/5/2020,39.55
6/4/2020,37.41
6/3/2020,37.29
6/2/2020,36.81
6/1/2020,35.44
5/29/2020,35.49
5/28/2020,33.71
5/27/2020,32.81
5/26/2020,34.35
5/22/2020,33.25
5/21/2020,33.92
5/20/2020,33.49
5/19/2020,32.5
5/18/2020,31.82
5/15/2020,29.43
5/14/2020,27.56
5/13/2020,25.29
5/12/2020,25.78
5/11/2020,24.14
5/8/2020,24.74
5/7/2020,23.55
5/6/2020,23.99
5/5/2020,24.56
5/4/2020,20.39
5/1/2020,19.78
4/30/2020,18.84
4/29/2020,15.06
4/28/2020,12.34
4/27/2020,12.78
4/24/2020,16.94
4/23/2020,16.5
4/22/2020,13.78
4/21/2020,10.01
4/20/2020,-37.63
4/17/2020,18.27
4/16/2020,19.87
4/15/2020,19.87
4/14/2020,20.11
4/13/2020,22.41
4/9/2020,22.76
4/8/2020,25.09
4/7/2020,23.63
4/6/2020,26.08
4/3/2020,28.34
4/2/2020,25.32
4/1/2020,20.31
3/31/2020,20.48
3/30/2020,20.09
3/27/2020,21.51
3/26/2020,22.6
3/25/2020,24.49
3/24/2020,24.01
3/23/2020,23.36
3/20/2020,22.43
3/19/2020,25.22
3/18/2020,20.37
3/17/2020,26.95
3/16/2020,28.7
3/13/2020,31.73
3/12/2020,31.5
3/11/2020,32.98
3/10/2020,34.36
3/9/2020,31.13
3/6/2020,41.28
3/5/2020,45.9
3/4/2020,46.78
3/3/2020,47.18
3/2/2020,46.75
2/28/2020,44.76
2/27/2020,47.09
2/26/2020,48.73
2/25/2020,49.9
2/24/2020,51.43
2/21/2020,53.38
2/20/2020,53.78
2/19/2020,53.29
2/18/2020,52.05
2/14/2020,52.05
2/13/2020,51.42
2/12/2020,51.17
2/11/2020,49.94
2/10/2020,49.57
2/7/2020,50.32
2/6/2020,50.95
2/5/2020,50.75
2/4/2020,49.61
2/3/2020,50.11
1/31/2020,51.56
1/30/2020,52.14
1/29/2020,53.33
1/28/2020,53.48
1/27/2020,53.14
1/24/2020,54.19
1/23/2020,55.59
1/22/2020,56.74
1/21/2020,58.34
1/17/2020,58.54
1/16/2020,58.52
1/15/2020,57.81
1/14/2020,58.23
1/13/2020,58.08
1/10/2020,59.04
1/9/2020,59.56
1/8/2020,59.61
1/7/2020,62.7
1/6/2020,63.27
1/3/2020,63.05
1/2/2020,61.18
12/31/2019,61.06
12/30/2019,61.68
12/27/2019,61.72
12/26/2019,61.68
12/24/2019,61.11
12/23/2019,60.52
12/20/2019,60.44
12/19/2019,61.22
12/18/2019,60.93
12/17/2019,60.94
12/16/2019,60.21
12/13/2019,60.07
12/12/2019,59.18
12/11/2019,58.76
12/10/2019,59.24
12/9/2019,59.02
12/6/2019,59.2
12/5/2019,58.43
12/4/2019,58.43
12/3/2019,56.1
12/2/2019,55.96
11/29/2019,55.17
11/27/2019,58.11
11/26/2019,58.41
11/25/2019,58.01
11/22/2019,57.77
11/21/2019,58.58
11/20/2019,57.11
11/19/2019,55.21
11/18/2019,57.05
11/15/2019,57.72
11/14/2019,56.77
11/13/2019,57.12
11/12/2019,56.8
11/11/2019,56.86
11/8/2019,57.24
11/7/2019,57.15
11/6/2019,56.35
11/5/2019,57.23
11/4/2019,56.54
11/1/2019,56.2
10/31/2019,54.18
10/30/2019,55.06
10/29/2019,55.54
10/28/2019,55.81
10/25/2019,56.66
10/24/2019,56.23
10/23/2019,55.97
10/22/2019,54.16
10/21/2019,53.31
10/18/2019,53.78
10/17/2019,53.93
10/16/2019,53.36
10/15/2019,52.81
10/14/2019,53.59
10/11/2019,54.7
10/10/2019,53.55
10/9/2019,52.59
10/8/2019,52.63
10/7/2019,52.75
10/4/2019,52.81
10/3/2019,52.45
10/2/2019,52.64
10/1/2019,53.62
9/30/2019,54.07
9/27/2019,55.91
9/26/2019,56.41
9/25/2019,56.49
9/24/2019,57.29
9/23/2019,58.64
9/20/2019,58.09
9/19/2019,58.13
9/18/2019,58.11
9/17/2019,59.34
9/16/2019,62.9
9/13/2019,54.85
9/12/2019,55.09
9/11/2019,55.75
9/10/2019,57.4
9/9/2019,57.85
9/6/2019,56.52
9/5/2019,56.3
9/4/2019,56.26
9/3/2019,53.94
8/30/2019,55.1
8/29/2019,56.71
8/28/2019,55.78
8/27/2019,54.93
8/26/2019,53.64
8/23/2019,54.17
8/22/2019,55.35
8/21/2019,55.68
8/20/2019,56.34
8/19/2019,56.21
8/16/2019,54.87
8/15/2019,54.47
8/14/2019,55.23
8/13/2019,57.1
8/12/2019,54.93
8/9/2019,54.5
8/8/2019,52.54
8/7/2019,51.09
8/6/2019,53.63
8/5/2019,54.69
8/2/2019,55.66
8/1/2019,53.95
7/31/2019,58.58
7/30/2019,58.05
7/29/2019,56.87
7/26/2019,56.2
7/25/2019,56.02
7/24/2019,55.88
7/23/2019,56.77
7/22/2019,56.22
7/19/2019,55.63
7/18/2019,55.3
7/17/2019,56.78
7/16/2019,57.62
7/15/2019,59.58
7/12/2019,60.21
7/11/2019,60.2
7/10/2019,60.43
7/9/2019,57.83
7/8/2019,57.66
7/5/2019,57.51
7/3/2019,57.34
7/2/2019,56.25
7/1/2019,59.09
6/28/2019,58.47
6/27/2019,59.43
6/26/2019,59.38
6/25/2019,57.83
6/24/2019,57.9
6/21/2019,57.43
6/20/2019,56.65
6/19/2019,53.76
6/18/2019,53.9
6/17/2019,51.93
6/14/2019,52.51
6/13/2019,52.28
6/12/2019,51.14
6/11/2019,53.27
6/10/2019,53.26
6/7/2019,53.99
6/6/2019,52.59
6/5/2019,51.68
6/4/2019,53.48
6/3/2019,53.25
5/31/2019,53.5
5/30/2019,56.59
5/29/2019,58.81
5/28/2019,59.14
5/24/2019,58.63
5/23/2019,57.91
5/22/2019,61.42
5/21/2019,62.99
5/20/2019,63.1
5/17/2019,62.76
5/16/2019,62.87
5/15/2019,62.02
5/14/2019,61.78
5/13/2019,61.04
5/10/2019,61.66
5/9/2019,61.7
5/8/2019,62.12
5/7/2019,61.4
5/6/2019,62.25
5/3/2019,61.94
5/2/2019,61.81
5/1/2019,63.6
4/30/2019,63.91
4/29/2019,63.5
4/26/2019,63.3
4/25/2019,65.21
4/24/2019,65.89
4/23/2019,66.3
4/22/2019,65.7
4/18/2019,64
4/17/2019,63.76
4/16/2019,64.05
4/15/2019,63.4
4/12/2019,63.89
4/11/2019,63.58
4/10/2019,64.61
4/9/2019,63.98
4/8/2019,64.4
4/5/2019,63.08
4/4/2019,62.1
4/3/2019,62.46
4/2/2019,62.58
4/1/2019,61.59
3/29/2019,60.14
3/28/2019,59.3
3/27/2019,59.41
3/26/2019,59.94
3/25/2019,58.82
3/22/2019,59.04
3/21/2019,59.98
3/20/2019,59.83
3/19/2019,59.03
3/18/2019,59.09
3/15/2019,58.52
3/14/2019,58.61
3/13/2019,58.26
3/12/2019,56.87
3/11/2019,56.79
3/8/2019,56.07
3/7/2019,56.66
3/6/2019,56.22
3/5/2019,56.56
3/4/2019,56.59
3/1/2019,55.8
2/28/2019,57.22
2/27/2019,56.94
2/26/2019,55.5
2/25/2019,55.48
2/22/2019,57.26
2/21/2019,56.96
2/20/2019,56.92
2/19/2019,56.09
2/15/2019,55.59
2/14/2019,54.41
2/13/2019,53.9
2/12/2019,53.1
2/11/2019,52.41
2/8/2019,52.72
2/7/2019,52.64
2/6/2019,54.01
2/5/2019,53.66
2/4/2019,54.56
2/1/2019,55.26
1/31/2019,53.79
1/30/2019,54.23
1/29/2019,53.31
1/28/2019,51.99
1/25/2019,53.69
1/24/2019,53.13
1/23/2019,52.62
1/22/2019,52.57
1/18/2019,53.8
1/17/2019,52.07
1/16/2019,52.31
1/15/2019,52.11
1/14/2019,50.51
1/11/2019,51.59
1/10/2019,52.59
1/9/2019,52.36
1/8/2019,49.78
1/7/2019,48.52
1/4/2019,47.96
1/3/2019,47.09
1/2/2019,46.54
12/31/2018,45.41
12/28/2018,45.33
12/27/2018,44.61
12/26/2018,46.22
12/24/2018,42.53
12/21/2018,45.59
12/20/2018,45.88
12/19/2018,47.2
12/18/2018,46.24
12/17/2018,49.88
12/14/2018,51.2
12/13/2018,52.58
12/12/2018,51.15
12/11/2018,51.65
12/10/2018,51
12/7/2018,52.61
12/6/2018,51.49
12/4/2018,53.25
12/3/2018,52.95
11/30/2018,50.93
11/29/2018,51.45
11/28/2018,50.29
11/27/2018,51.56
11/26/2018,51.63
11/23/2018,50.42
11/21/2018,54.63
11/20/2018,53.43
11/19/2018,56.76
11/16/2018,56.46
11/15/2018,56.46
11/14/2018,56.25
11/13/2018,55.69
11/12/2018,59.93
11/9/2018,60.19
11/8/2018,60.67
11/7/2018,61.67
11/6/2018,62.21
11/5/2018,63.1
11/2/2018,63.14
11/1/2018,63.69
10/31/2018,65.31
10/30/2018,66.18
10/29/2018,67.04
10/26/2018,67.59
10/25/2018,67.33
10/24/2018,66.82
10/23/2018,66.43
10/22/2018,69.17
10/19/2018,69.12
10/18/2018,68.65
10/17/2018,69.75
10/16/2018,71.92
10/15/2018,71.78
10/12/2018,71.34
10/11/2018,70.97
10/10/2018,73.17
10/9/2018,74.96
10/8/2018,74.29
10/5/2018,74.34
10/4/2018,74.33
10/3/2018,76.41
10/2/2018,75.23
10/1/2018,75.3
9/28/2018,73.25
9/27/2018,72.12
9/26/2018,71.57
9/25/2018,72.28
9/24/2018,72.08
9/21/2018,70.78
9/20/2018,70.8
9/19/2018,71.12
9/18/2018,69.85
9/17/2018,68.91
9/14/2018,68.99
9/13/2018,68.59
9/12/2018,70.37
9/11/2018,69.25
9/10/2018,67.54
9/7/2018,67.75
9/6/2018,67.77
9/5/2018,68.72
9/4/2018,69.87
8/31/2018,69.8
8/30/2018,70.25
8/29/2018,69.51
8/28/2018,68.53
8/27/2018,68.87
8/24/2018,68.72
8/23/2018,67.83
8/22/2018,67.86
8/21/2018,67.35
8/20/2018,66.43
8/17/2018,65.91
8/16/2018,65.46
8/15/2018,65.01
8/14/2018,67.04
8/13/2018,67.2
8/10/2018,67.63
8/9/2018,66.81
8/8/2018,66.94
8/7/2018,69.17
8/6/2018,69.01
8/3/2018,68.49
8/2/2018,68.96
8/1/2018,67.66
7/31/2018,68.76
7/30/2018,70.13
7/27/2018,68.69
7/26/2018,69.61
7/25/2018,69.3
7/24/2018,68.52
7/23/2018,67.89
7/20/2018,70.46
7/19/2018,69.46
7/18/2018,68.76
7/17/2018,68.08
7/16/2018,68.06
7/13/2018,71.01
7/12/2018,70.33
7/11/2018,70.38
7/10/2018,74.11
7/9/2018,73.85
7/6/2018,73.8
7/5/2018,72.94
7/3/2018,74.14
7/2/2018,73.94
6/29/2018,74.15
6/28/2018,73.45
6/27/2018,72.76
6/26/2018,70.53
6/25/2018,68.08
6/22/2018,68.58
6/21/2018,65.54
6/20/2018,66.22
6/19/2018,65.07
6/18/2018,65.85
6/15/2018,65.06
6/14/2018,66.89
6/13/2018,66.64
6/12/2018,66.36
6/11/2018,66.1
6/8/2018,65.74
6/7/2018,65.95
6/6/2018,64.73
6/5/2018,65.52
6/4/2018,64.75
6/1/2018,65.81
5/31/2018,67.04
5/30/2018,68.21
5/29/2018,66.73
5/25/2018,67.88
5/24/2018,70.71
5/23/2018,71.84
5/22/2018,72.13
5/21/2018,72.24
5/18/2018,71.28
5/17/2018,71.49
5/16/2018,71.49
5/15/2018,71.31
5/14/2018,70.96
5/11/2018,70.7
5/10/2018,71.36
5/9/2018,71.14
5/8/2018,69.06
5/7/2018,70.73
5/4/2018,69.72
5/3/2018,68.43
5/2/2018,67.93
5/1/2018,67.25
4/30/2018,68.57
4/27/2018,68.1
4/26/2018,68.19
4/25/2018,68.05
4/24/2018,67.7
4/23/2018,68.64
4/20/2018,68.38
4/19/2018,68.29
4/18/2018,68.47
4/17/2018,66.52
4/16/2018,66.22
4/13/2018,67.39
4/12/2018,67.07
4/11/2018,66.82
4/10/2018,65.51
4/9/2018,63.42
4/6/2018,62.06
4/5/2018,63.54
4/4/2018,63.37
4/3/2018,63.51
4/2/2018,63.01
3/29/2018,64.94
3/28/2018,64.38
3/27/2018,65.25
3/26/2018,65.55
3/23/2018,65.88
3/22/2018,64.3
3/21/2018,65.17
3/20/2018,63.4
3/19/2018,62.06
3/16/2018,62.34
3/15/2018,61.19
3/14/2018,60.96
3/13/2018,60.71
3/12/2018,61.36
3/9/2018,62.04
3/8/2018,60.12
3/7/2018,61.15
3/6/2018,62.6
3/5/2018,62.57
3/2/2018,61.25
3/1/2018,60.99
2/28/2018,61.64
2/27/2018,63.01
2/26/2018,63.91
2/23/2018,63.55
2/22/2018,62.77
2/21/2018,61.68
2/20/2018,61.9
2/16/2018,61.68
2/15/2018,61.34
2/14/2018,60.6
2/13/2018,59.19
2/12/2018,59.29
2/9/2018,59.2
2/8/2018,61.15
2/7/2018,61.79
2/6/2018,63.39
2/5/2018,64.15
2/2/2018,65.45
2/1/2018,65.8
1/31/2018,64.73
1/30/2018,64.5
1/29/2018,65.56
1/26/2018,66.14
1/25/2018,65.51
1/24/2018,65.61
1/23/2018,64.47
1/22/2018,63.49
1/19/2018,63.37
1/18/2018,63.95
1/17/2018,63.97
1/16/2018,63.73
1/12/2018,64.3
1/11/2018,63.8
1/10/2018,63.57
1/9/2018,62.96
1/8/2018,61.73
1/5/2018,61.44
1/4/2018,62.01
1/3/2018,61.63
1/2/2018,60.37
12/29/2017,60.42
12/28/2017,59.84
12/27/2017,59.64
12/26/2017,59.97
12/22/2017,58.47
12/21/2017,58.36
12/20/2017,58.09
12/19/2017,57.46
12/18/2017,57.16
12/15/2017,57.3
12/14/2017,57.04
12/13/2017,56.6
12/12/2017,57.14
12/11/2017,57.99
12/8/2017,57.36
12/7/2017,56.69
12/6/2017,55.96
12/5/2017,57.62
12/4/2017,57.47
12/1/2017,58.36
11/30/2017,57.4
11/29/2017,57.3
11/28/2017,57.99
11/27/2017,58.11
11/24/2017,58.95
11/22/2017,58.02
11/21/2017,56.83
11/20/2017,56.09
11/17/2017,56.55
11/16/2017,55.14
11/15/2017,55.33
11/14/2017,55.7
11/13/2017,56.76
11/10/2017,56.74
11/9/2017,57.17
11/8/2017,56.81
11/7/2017,57.2
11/6/2017,57.35
11/3/2017,55.64
11/2/2017,54.54
11/1/2017,54.3
10/31/2017,54.38
10/30/2017,54.15
10/27/2017,53.9
10/26/2017,52.64
10/25/2017,52.18
10/24/2017,52.47
10/23/2017,51.9
10/20/2017,51.47
10/19/2017,51.29
10/18/2017,52.04
10/17/2017,51.88
10/16/2017,51.87
10/13/2017,51.45
10/12/2017,50.6
10/11/2017,51.3
10/10/2017,50.92
10/9/2017,49.58
10/6/2017,49.29
10/5/2017,50.79
10/4/2017,49.98
10/3/2017,50.42
10/2/2017,50.58
9/29/2017,51.67
9/28/2017,51.56
9/27/2017,52.14
9/26/2017,51.88
9/25/2017,52.22
9/22/2017,50.66
9/21/2017,50.55
9/20/2017,50.41
9/19/2017,49.48
9/18/2017,49.91
9/15/2017,49.89
9/14/2017,49.89
9/13/2017,49.3
9/12/2017,48.23
9/11/2017,48.07
9/8/2017,47.48
9/7/2017,49.09
9/6/2017,49.16
9/5/2017,48.66
9/1/2017,47.29
8/31/2017,47.23
8/30/2017,45.96
8/29/2017,46.44
8/28/2017,46.57
8/25/2017,47.87
8/24/2017,47.43
8/23/2017,48.41
8/22/2017,47.64
8/21/2017,47.37
8/18/2017,48.51
8/17/2017,47.09
8/16/2017,46.78
8/15/2017,47.55
8/14/2017,47.59
8/11/2017,48.82
8/10/2017,48.59
8/9/2017,49.56
8/8/2017,49.17
8/7/2017,49.39
8/4/2017,49.58
8/3/2017,49.03
8/2/2017,49.59
8/1/2017,49.16
7/31/2017,50.17
7/28/2017,49.71
7/27/2017,49.04
7/26/2017,48.75
7/25/2017,47.89
7/24/2017,46.34
7/21/2017,45.77
7/20/2017,46.79
7/19/2017,47.12
7/18/2017,46.4
7/17/2017,46.02
7/14/2017,46.54
7/13/2017,46.08
7/12/2017,45.49
7/11/2017,45.04
7/10/2017,44.4
7/7/2017,44.23
7/6/2017,45.52
7/5/2017,45.13
7/3/2017,47.07
6/30/2017,46.04
6/29/2017,44.93
6/28/2017,44.74
6/27/2017,44.24
6/26/2017,43.38
6/23/2017,43.01
6/22/2017,42.74
6/21/2017,42.53
6/20/2017,43.23
6/19/2017,44.2
6/16/2017,44.74
6/15/2017,44.46
6/14/2017,44.73
6/13/2017,46.46
6/12/2017,46.08
6/9/2017,45.83
6/8/2017,45.64
6/7/2017,45.72
6/6/2017,48.19
6/5/2017,47.4
6/2/2017,47.66
6/1/2017,48.36
5/31/2017,48.32
5/30/2017,49.66
5/26/2017,49.8
5/25/2017,48.9
5/24/2017,51.36
5/23/2017,51.47
5/22/2017,50.73
5/19/2017,50.33
5/18/2017,49.35
5/17/2017,49.07
5/16/2017,48.66
5/15/2017,48.85
5/12/2017,47.84
5/11/2017,47.83
5/10/2017,47.33
5/9/2017,45.88
5/8/2017,46.43
5/5/2017,46.22
5/4/2017,45.52
5/3/2017,47.82
5/2/2017,47.66
5/1/2017,48.84
4/28/2017,49.33
4/27/2017,48.97
4/26/2017,49.62
4/25/2017,49.56
4/24/2017,49.23
4/21/2017,49.62
4/20/2017,50.27
4/19/2017,50.44
4/18/2017,52.41
4/17/2017,52.65
4/13/2017,53.18
4/12/2017,53.11
4/11/2017,53.4
4/10/2017,53.08
4/7/2017,52.24
4/6/2017,51.7
4/5/2017,51.15
4/4/2017,51.03
4/3/2017,50.24
3/31/2017,50.6
3/30/2017,50.35
3/29/2017,49.51
3/28/2017,48.37
3/27/2017,47.73
3/24/2017,47.97
3/23/2017,47.7
3/22/2017,48.04
3/21/2017,47.34
3/20/2017,48.22
3/17/2017,48.78
3/16/2017,48.75
3/15/2017,48.86
3/14/2017,47.72
3/13/2017,48.4
3/10/2017,48.49
3/9/2017,49.28
3/8/2017,50.28
3/7/2017,53.14
3/6/2017,53.2
3/3/2017,53.33
3/2/2017,52.61
3/1/2017,53.83
2/28/2017,54.01
2/27/2017,54.05
2/24/2017,53.99
2/23/2017,54.45
2/22/2017,53.59
2/21/2017,54.06
2/17/2017,53.4
2/16/2017,53.36
2/15/2017,53.11
2/14/2017,53.2
2/13/2017,52.93
2/10/2017,53.86
2/9/2017,53
2/8/2017,52.34
2/7/2017,52.17
2/6/2017,53.01
2/3/2017,53.83
2/2/2017,53.54
2/1/2017,53.88
1/31/2017,52.81
1/30/2017,52.63
1/27/2017,53.17
1/26/2017,53.78
1/25/2017,52.75
1/24/2017,53.18
1/23/2017,52.75
1/20/2017,52.42
1/19/2017,51.37
1/18/2017,51.08
1/17/2017,52.48
1/13/2017,52.37
1/12/2017,53.01
1/11/2017,52.25
1/10/2017,50.82
1/9/2017,51.96
1/6/2017,53.99
1/5/2017,53.76
1/4/2017,53.26
1/3/2017,52.33
12/30/2016,53.72
12/29/2016,53.77
12/28/2016,54.06
12/27/2016,53.9
12/23/2016,53.02
12/22/2016,52.95
12/21/2016,52.49
12/20/2016,52.23
12/19/2016,52.12
12/16/2016,51.9
12/15/2016,50.9
12/14/2016,51.04
12/13/2016,52.98
12/12/2016,52.83
12/9/2016,51.5
12/8/2016,50.84
12/7/2016,49.77
12/6/2016,50.93
12/5/2016,51.79
12/2/2016,51.68
12/1/2016,51.06
11/30/2016,49.44
11/29/2016,45.23
11/28/2016,47.08
11/25/2016,46.06
11/23/2016,47.96
11/22/2016,48.03
11/21/2016,47.49
11/18/2016,45.69
11/17/2016,45.42
11/16/2016,45.57
11/15/2016,45.81
11/14/2016,43.32
11/10/2016,44.66
11/9/2016,45.27
11/8/2016,44.98
11/7/2016,44.89
11/4/2016,44.07
11/3/2016,44.66
11/2/2016,45.34
11/1/2016,46.67
10/31/2016,46.86
10/28/2016,48.7
10/27/2016,49.72
10/26/2016,49.18
10/25/2016,49.96
10/24/2016,50.52
10/21/2016,50.85
10/20/2016,50.43
10/19/2016,51.6
10/18/2016,50.29
10/17/2016,49.94
10/14/2016,50.35
10/13/2016,50.44
10/12/2016,50.18
10/11/2016,50.79
10/7/2016,49.81
10/6/2016,50.44
10/5/2016,49.83
10/4/2016,48.69
10/3/2016,48.81
9/30/2016,48.24
9/29/2016,47.83
9/28/2016,47.05
9/27/2016,44.67
9/26/2016,45.93
9/23/2016,44.48
9/22/2016,46.32
9/21/2016,45.34
9/20/2016,43.44
9/19/2016,43.3
9/16/2016,43.03
9/15/2016,43.91
9/14/2016,43.58
9/13/2016,44.9
9/12/2016,46.29
9/9/2016,45.88
9/8/2016,47.62
9/7/2016,45.5
9/6/2016,44.83
9/2/2016,44.44
9/1/2016,43.16
8/31/2016,44.7
8/30/2016,46.35
8/29/2016,46.98
8/26/2016,47.64
8/25/2016,47.33
8/24/2016,46.77
8/23/2016,48.1
8/22/2016,47.05
8/19/2016,48.52
8/18/2016,48.22
8/17/2016,46.79
8/16/2016,46.58
8/15/2016,45.74
8/12/2016,44.49
8/11/2016,43.49
8/10/2016,41.71
8/9/2016,42.77
8/8/2016,43.02
8/5/2016,41.8
8/4/2016,41.93
8/3/2016,40.83
8/2/2016,39.51
8/1/2016,40.06
7/29/2016,41.6
7/28/2016,41.14
7/27/2016,41.92
7/26/2016,42.92
7/25/2016,43.13
7/22/2016,44.19
7/21/2016,44.75
7/20/2016,44.94
7/19/2016,44.65
7/18/2016,45.24
7/15/2016,45.95
7/14/2016,45.68
7/13/2016,44.75
7/12/2016,46.8
7/11/2016,44.76
7/8/2016,45.41
7/7/2016,45.14
7/6/2016,47.43
7/5/2016,46.6
7/1/2016,48.99
6/30/2016,48.33
6/29/2016,49.88
6/28/2016,47.85
6/27/2016,46.33
6/24/2016,47.64
6/23/2016,50.11
6/22/2016,49.13
6/21/2016,48.85
6/20/2016,49.37
6/17/2016,47.98
6/16/2016,46.21
6/15/2016,48.01
6/14/2016,48.49
6/13/2016,48.88
6/10/2016,49.07
6/9/2016,50.56
6/8/2016,51.23
6/7/2016,50.36
6/6/2016,49.69
6/3/2016,48.62
6/2/2016,49.17
6/1/2016,49.01
5/31/2016,49.1
5/27/2016,49.33
5/26/2016,49.48
5/25/2016,49.56
5/24/2016,48.62
5/23/2016,48.08
5/20/2016,47.75
5/19/2016,48.16
5/18/2016,48.19
5/17/2016,48.31
5/16/2016,47.72
5/13/2016,46.21
5/12/2016,46.7
5/11/2016,46.23
5/10/2016,44.66
5/9/2016,43.44
5/6/2016,44.66
5/5/2016,44.32
5/4/2016,43.78
5/3/2016,43.65
5/2/2016,44.78
4/29/2016,45.92
4/28/2016,46.03
4/27/2016,45.33
4/26/2016,44.04
4/25/2016,42.64
4/22/2016,43.73
4/21/2016,43.18
4/20/2016,42.63
4/19/2016,41.08
4/18/2016,39.78
4/15/2016,40.36
4/14/2016,41.5
4/13/2016,41.76
4/12/2016,42.17
4/11/2016,40.36
4/8/2016,39.72
4/7/2016,37.26
4/6/2016,37.75
4/5/2016,35.89
4/4/2016,35.7
4/1/2016,36.79
3/31/2016,38.34
3/30/2016,38.32
3/29/2016,38.28
3/28/2016,39.39
3/24/2016,39.46
3/23/2016,39.79
3/22/2016,41.45
3/21/2016,39.91
3/18/2016,39.44
3/17/2016,40.2
3/16/2016,38.46
3/15/2016,36.34
3/14/2016,37.18
3/11/2016,38.5
3/10/2016,37.84
3/9/2016,38.29
3/8/2016,36.5
3/7/2016,37.9
3/4/2016,35.92
3/3/2016,34.57
3/2/2016,34.66
3/1/2016,34.4
2/29/2016,33.75
2/26/2016,32.78
2/25/2016,33.07
2/24/2016,32.15
2/23/2016,31.87
2/22/2016,31.48
2/19/2016,29.64
2/18/2016,30.77
2/17/2016,30.66
2/16/2016,29.04
2/15/2016,0
2/12/2016,29.44
2/11/2016,26.21
2/10/2016,27.45
2/9/2016,27.94
2/8/2016,29.69
2/5/2016,30.89
2/4/2016,31.72
2/3/2016,32.28
2/2/2016,29.88
2/1/2016,31.62
1/29/2016,33.62
1/28/2016,33.22
1/27/2016,32.3
1/26/2016,31.45
1/25/2016,30.34
1/22/2016,32.19
1/21/2016,29.53
1/20/2016,26.55
1/19/2016,28.46
1/18/2016,0
1/15/2016,29.42
1/14/2016,31.2
1/13/2016,30.48
1/12/2016,30.44
1/11/2016,31.41
1/8/2016,33.16
1/7/2016,33.27
1/6/2016,33.97
1/5/2016,35.97
1/4/2016,36.76
12/31/2015,37.04
12/30/2015,36.6
12/29/2015,37.87
12/28/2015,36.81
12/24/2015,38.1
12/23/2015,37.5
12/22/2015,36.14
12/21/2015,34.74
12/18/2015,34.73
12/17/2015,34.95
12/16/2015,35.52
12/15/2015,37.35
12/14/2015,36.31
12/11/2015,35.62
12/10/2015,36.76
12/9/2015,37.16
12/8/2015,37.51
12/7/2015,37.65
12/4/2015,39.97
12/3/2015,41.08
12/2/2015,39.94
12/1/2015,41.85
11/30/2015,41.65
11/27/2015,41.71
11/25/2015,43.04
11/24/2015,42.87
11/23/2015,41.75
11/20/2015,40.39
11/19/2015,40.54
11/18/2015,40.75
11/17/2015,40.67
11/16/2015,41.74
11/13/2015,40.74
11/12/2015,41.75
11/11/2015,42.93
11/10/2015,44.21
11/9/2015,43.87
11/6/2015,44.29
11/5/2015,45.2
11/4/2015,46.32
11/3/2015,47.9
11/2/2015,46.14
10/30/2015,46.59
10/29/2015,46.06
10/28/2015,45.94
10/27/2015,43.2
10/26/2015,43.98
10/23/2015,44.6
10/22/2015,45.38
10/21/2015,45.2
10/20/2015,45.55
10/19/2015,45.89
10/16/2015,47.26
10/15/2015,46.38
10/14/2015,46.64
10/13/2015,46.66
10/12/2015,47.1
10/9/2015,49.63
10/8/2015,49.43
10/7/2015,47.81
10/6/2015,48.53
10/5/2015,46.26
10/2/2015,45.54
10/1/2015,44.74
9/30/2015,45.09
9/29/2015,45.23
9/28/2015,44.43
9/25/2015,45.7
9/24/2015,44.91
9/23/2015,44.48
9/22/2015,45.83
9/21/2015,46.68
9/18/2015,44.68
9/17/2015,46.9
9/16/2015,47.15
9/15/2015,44.59
9/14/2015,44
9/11/2015,44.63
9/10/2015,45.92
9/9/2015,44.15
9/8/2015,45.94
9/4/2015,46.05
9/3/2015,46.75
9/2/2015,46.25
9/1/2015,45.41
8/31/2015,49.2
8/28/2015,45.22
8/27/2015,42.56
8/26/2015,38.6
8/25/2015,39.31
8/24/2015,38.24
8/21/2015,40.45
8/20/2015,41.14
8/19/2015,40.8
8/18/2015,42.62
8/17/2015,41.87
8/14/2015,42.5
8/13/2015,42.23
8/12/2015,43.3
8/11/2015,43.08
8/10/2015,44.96
8/7/2015,43.87
8/6/2015,44.66
8/5/2015,45.15
8/4/2015,45.74
8/3/2015,45.17
7/31/2015,47.12
7/30/2015,48.52
7/29/2015,48.79
7/28/2015,47.98
7/27/2015,47.39
7/24/2015,48.14
7/23/2015,48.45
7/22/2015,49.19
7/21/2015,50.36
7/20/2015,50.15
7/17/2015,50.89
7/16/2015,50.91
7/15/2015,51.41
7/14/2015,53.04
7/13/2015,52.2
7/10/2015,52.74
7/9/2015,52.78
7/8/2015,51.65
7/7/2015,52.33
7/6/2015,52.53
7/2/2015,56.93
7/1/2015,56.96
6/30/2015,59.47
6/29/2015,58.33
6/26/2015,59.63
6/25/2015,59.7
6/24/2015,60.27
6/23/2015,61.01
6/22/2015,59.68
6/19/2015,59.61
6/18/2015,60.45
6/17/2015,59.92
6/16/2015,59.97
6/15/2015,59.52
6/12/2015,59.96
6/11/2015,60.77
6/10/2015,61.43
6/9/2015,60.14
6/8/2015,58.14
6/5/2015,59.13
6/4/2015,58
6/3/2015,59.64
6/2/2015,61.26
6/1/2015,60.2
5/29/2015,60.3
5/28/2015,57.68
5/27/2015,57.51
5/26/2015,58.03
5/22/2015,59.72
5/21/2015,60.72
5/20/2015,58.98
5/19/2015,57.26
5/18/2015,59.43
5/15/2015,59.69
5/14/2015,59.88
5/13/2015,60.5
5/12/2015,60.75
5/11/2015,59.25
5/8/2015,59.39
5/7/2015,58.94
5/6/2015,60.93
5/5/2015,60.4
5/4/2015,58.93
5/1/2015,59.15
4/30/2015,59.63
4/29/2015,58.58
4/28/2015,57.06
4/27/2015,56.99
4/24/2015,57.15
4/23/2015,57.74
4/22/2015,56.16
4/21/2015,55.26
4/20/2015,56.38
4/17/2015,55.74
4/16/2015,56.71
4/15/2015,56.39
4/14/2015,53.29
4/13/2015,51.91
4/10/2015,51.64
4/9/2015,50.79
4/8/2015,50.42
4/7/2015,53.98
4/6/2015,52.14
4/2/2015,49.14
4/1/2015,50.09
3/31/2015,47.6
3/30/2015,48.68
3/27/2015,48.87
3/26/2015,51.43
3/25/2015,49.21
3/24/2015,47.51
3/23/2015,47.45
3/20/2015,45.72
3/19/2015,43.96
3/18/2015,44.66
3/17/2015,43.46
3/16/2015,43.88
3/13/2015,44.84
3/12/2015,47.05
3/11/2015,48.17
3/10/2015,48.29
3/9/2015,50
3/6/2015,49.61
3/5/2015,50.76
3/4/2015,51.53
3/3/2015,50.52
3/2/2015,49.59
2/27/2015,49.76
2/26/2015,48.17
2/25/2015,50.99
2/24/2015,49.28
2/23/2015,49.45
2/20/2015,50.34
2/19/2015,51.16
2/18/2015,52.14
2/17/2015,53.53
2/13/2015,52.78
2/12/2015,51.21
2/11/2015,48.84
2/10/2015,50.02
2/9/2015,52.86
2/6/2015,51.69
2/5/2015,50.48
2/4/2015,48.45
2/3/2015,53.05
2/2/2015,49.57
1/30/2015,48.24
1/29/2015,44.53
1/28/2015,44.45
1/27/2015,46.23
1/26/2015,45.15
1/23/2015,45.59
1/22/2015,46.31
1/21/2015,47.78
1/20/2015,46.39
1/16/2015,48.69
1/15/2015,46.25
1/14/2015,48.48
1/13/2015,45.89
1/12/2015,46.07
1/9/2015,48.36
1/8/2015,48.79
1/7/2015,48.65
1/6/2015,47.93
1/5/2015,50.04
1/2/2015,52.69
12/31/2014,53.27
12/30/2014,54.12
12/29/2014,53.61
12/26/2014,54.73
12/24/2014,55.84
12/23/2014,57.12
12/22/2014,55.26
12/19/2014,56.52
12/18/2014,54.11
12/17/2014,56.47
12/16/2014,55.93
12/15/2014,55.91
12/12/2014,57.81
12/11/2014,59.95
12/10/2014,60.94
12/9/2014,63.82
12/8/2014,63.05
12/5/2014,65.84
12/4/2014,66.81
12/3/2014,67.38
12/2/2014,66.88
12/1/2014,69
11/28/2014,66.15
11/26/2014,73.69
11/25/2014,74.09
11/24/2014,75.78
11/21/2014,76.51
11/20/2014,75.58
11/19/2014,74.58
11/18/2014,74.61
11/17/2014,75.64
11/14/2014,75.82
11/13/2014,74.21
11/12/2014,77.18
11/11/2014,77.94
11/10/2014,77.4
11/7/2014,78.65
11/6/2014,77.91
11/5/2014,78.68
11/4/2014,77.19
11/3/2014,78.78
10/31/2014,80.54
10/30/2014,81.12
10/29/2014,82.2
10/28/2014,81.42
10/27/2014,81
10/24/2014,81.01
10/23/2014,82.09
10/22/2014,80.52
10/21/2014,82.81
10/20/2014,82.71
10/17/2014,82.75
10/16/2014,82.7
10/15/2014,81.78
10/14/2014,81.84
10/13/2014,85.74
10/10/2014,85.82
10/9/2014,85.77
10/8/2014,87.31
10/7/2014,88.85
10/6/2014,90.34
10/3/2014,89.74
10/2/2014,91.01
10/1/2014,90.73
9/30/2014,91.16
9/29/2014,94.57
9/26/2014,93.54
9/25/2014,92.53
9/24/2014,92.8
9/23/2014,91.56
9/22/2014,91.52
9/19/2014,92.41
9/18/2014,93.07
9/17/2014,94.42
9/16/2014,94.88
9/15/2014,92.92
9/12/2014,92.27
9/11/2014,92.83
9/10/2014,91.67
9/9/2014,92.75
9/8/2014,92.66
9/5/2014,93.29
9/4/2014,94.45
9/3/2014,95.54
9/2/2014,92.88
8/29/2014,95.96
8/28/2014,94.55
8/27/2014,93.88
8/26/2014,93.86
8/25/2014,93.35
8/22/2014,93.65
8/21/2014,93.96
8/20/2014,96.07
8/19/2014,94.48
8/18/2014,96.41
8/15/2014,97.35
8/14/2014,95.58
8/13/2014,97.59
8/12/2014,97.37
8/11/2014,98.08
8/8/2014,97.65
8/7/2014,97.34
8/6/2014,96.92
8/5/2014,97.38
8/4/2014,98.29
8/1/2014,97.88
7/31/2014,98.17
7/30/2014,100.27
7/29/2014,100.97
7/28/2014,101.67
7/25/2014,102.09
7/24/2014,102.07
7/23/2014,103.12
7/22/2014,104.42
7/21/2014,104.59
7/18/2014,103.13
7/17/2014,103.19
7/16/2014,101.2
7/15/2014,99.96
7/14/2014,100.91
7/11/2014,100.83
7/10/2014,102.93
7/9/2014,102.29
7/8/2014,103.4
7/7/2014,103.53
7/3/2014,104.06
7/2/2014,104.48
7/1/2014,105.34
6/30/2014,105.37
6/27/2014,105.74
6/26/2014,105.84
6/25/2014,106.5
6/24/2014,106.03
6/23/2014,106.17
6/20/2014,107.26
6/19/2014,106.43
6/18/2014,105.97
6/17/2014,106.36
6/16/2014,106.9
6/13/2014,106.91
6/12/2014,106.53
6/11/2014,104.4
6/10/2014,104.35
6/9/2014,104.41
6/6/2014,102.66
6/5/2014,102.48
6/4/2014,102.64
6/3/2014,102.66
6/2/2014,102.47
5/30/2014,102.71
5/29/2014,103.58
5/28/2014,102.72
5/27/2014,104.11
5/23/2014,104.35
5/22/2014,103.74
5/21/2014,104.07
5/20/2014,102.44
5/19/2014,102.61
5/16/2014,102.02
5/15/2014,101.5
5/14/2014,102.37
5/13/2014,101.7
5/12/2014,100.59
5/9/2014,99.99
5/8/2014,100.26
5/7/2014,100.77
5/6/2014,99.5
5/5/2014,99.48
5/2/2014,99.76
5/1/2014,99.42
4/30/2014,99.74
4/29/2014,101.28
4/28/2014,100.84
4/25/2014,100.6
4/24/2014,101.94
4/23/2014,101.44
4/22/2014,102.13
4/21/2014,104.37
4/17/2014,104.3
4/16/2014,103.76
4/15/2014,103.75
4/14/2014,104.05
4/11/2014,103.74
4/10/2014,103.4
4/9/2014,103.6
4/8/2014,102.56
4/7/2014,100.44
4/4/2014,101.14
4/3/2014,100.29
4/2/2014,99.62
4/1/2014,99.74
3/31/2014,101.58
3/28/2014,101.67
3/27/2014,101.28
3/26/2014,100.26
3/25/2014,99.19
3/24/2014,99.6
3/21/2014,99.46
3/20/2014,99.43
3/19/2014,100.37
3/18/2014,99.7
3/17/2014,98.08
3/14/2014,98.89
3/13/2014,98.2
3/12/2014,97.99
3/11/2014,100.03
3/10/2014,101.12
3/7/2014,102.58
3/6/2014,101.56
3/5/2014,101.45
3/4/2014,103.33
3/3/2014,104.92
2/28/2014,102.59
2/27/2014,102.4
2/26/2014,102.59
2/25/2014,101.83
2/24/2014,102.82
2/21/2014,102.2
2/20/2014,102.92
2/19/2014,103.31
2/18/2014,102.43
2/14/2014,100.3
2/13/2014,100.35
2/12/2014,100.37
2/11/2014,99.94
2/10/2014,100.06
2/7/2014,99.88
2/6/2014,97.84
2/5/2014,97.38
2/4/2014,97.19
2/3/2014,96.43
1/31/2014,97.49
1/30/2014,98.23
1/29/2014,97.36
1/28/2014,97.41
1/27/2014,95.72
1/24/2014,96.64
1/23/2014,97.32
1/22/2014,96.73
1/21/2014,94.99
1/17/2014,94.37
1/16/2014,93.96
1/15/2014,94.17
1/14/2014,92.59
1/13/2014,91.8
1/10/2014,92.72
1/9/2014,91.66
1/8/2014,92.33
1/7/2014,93.67
1/6/2014,93.43
1/3/2014,93.96
1/2/2014,95.44
12/31/2013,98.42
12/30/2013,99.29
12/27/2013,100.32
12/26/2013,99.55
12/24/2013,99.22
12/23/2013,98.91
12/20/2013,99.32
12/19/2013,98.77
12/18/2013,97.8
12/17/2013,97.22
12/16/2013,97.48
12/13/2013,96.6
12/12/2013,97.5
12/11/2013,97.44
12/10/2013,98.51
12/9/2013,97.34
12/6/2013,97.65
12/5/2013,97.38
12/4/2013,97.2
12/3/2013,96.04
12/2/2013,93.82
11/29/2013,92.72
11/27/2013,92.3
11/26/2013,93.68
11/25/2013,94.09
11/22/2013,94.84
11/21/2013,95.44
11/20/2013,93.33
11/19/2013,93.34
11/18/2013,93.03
11/15/2013,93.84
11/14/2013,93.76
11/13/2013,93.88
11/12/2013,93.04
11/11/2013,95.14
11/8/2013,94.6
11/7/2013,94.2
11/6/2013,94.8
11/5/2013,93.37
11/4/2013,94.62
11/1/2013,94.61
10/31/2013,96.38
10/30/2013,96.77
10/29/2013,98.2
10/28/2013,98.68
10/25/2013,97.85
10/24/2013,97.11
10/23/2013,96.86
10/22/2013,97.8
10/21/2013,99.22
10/18/2013,100.81
10/17/2013,100.67
10/16/2013,102.29
10/15/2013,101.21
10/14/2013,102.41
10/11/2013,102.02
10/10/2013,103.01
10/9/2013,101.61
10/8/2013,103.49
10/7/2013,103.03
10/4/2013,103.84
10/3/2013,103.31
10/2/2013,104.1
10/1/2013,102.04
9/30/2013,102.33
9/27/2013,102.87
9/26/2013,103.03
9/25/2013,102.66
9/24/2013,103.13
9/23/2013,103.59
9/20/2013,104.68
9/19/2013,106.39
9/18/2013,108.07
9/17/2013,105.42
9/16/2013,106.59
9/13/2013,108.21
9/12/2013,108.6
9/11/2013,107.56
9/10/2013,107.39
9/9/2013,109.52
9/6/2013,110.53
9/5/2013,108.37
9/4/2013,107.23
9/3/2013,108.54
8/30/2013,107.65
8/29/2013,108.8
8/28/2013,110.1
8/27/2013,109.01
8/26/2013,105.92
8/23/2013,106.42
8/22/2013,105.03
8/21/2013,103.85
8/20/2013,104.97
8/19/2013,107.1
8/16/2013,107.46
8/15/2013,107.33
8/14/2013,106.85
8/13/2013,106.83
8/12/2013,106.11
8/9/2013,105.97
8/8/2013,103.4
8/7/2013,104.37
8/6/2013,105.3
8/5/2013,106.56
8/2/2013,106.94
8/1/2013,107.89
7/31/2013,105.03
7/30/2013,103.08
7/29/2013,104.55
7/26/2013,104.7
7/25/2013,105.49
7/24/2013,105.39
7/23/2013,107.23
7/22/2013,106.91
7/19/2013,108.05
7/18/2013,108.04
7/17/2013,106.48
7/16/2013,106
7/15/2013,106.32
7/12/2013,105.95
7/11/2013,104.91
7/10/2013,106.52
7/9/2013,103.53
7/8/2013,103.14
7/5/2013,103.22
7/3/2013,101.24
7/2/2013,99.6
7/1/2013,97.99
6/28/2013,96.56
6/27/2013,97.05
6/26/2013,95.5
6/25/2013,95.32
6/24/2013,95.18
6/21/2013,93.69
6/20/2013,95.4
6/19/2013,98.24
6/18/2013,98.44
6/17/2013,97.77
6/14/2013,97.85
6/13/2013,96.69
6/12/2013,95.88
6/11/2013,95.38
6/10/2013,95.77
6/7/2013,96.03
6/6/2013,94.76
6/5/2013,93.74
6/4/2013,93.31
6/3/2013,93.45
5/31/2013,91.97
5/30/2013,93.61
5/29/2013,93.13
5/28/2013,95.01
5/24/2013,94.15
5/23/2013,94.25
5/22/2013,94.28
5/21/2013,96.16
5/20/2013,96.71
5/17/2013,96.02
5/16/2013,95.16
5/15/2013,94.3
5/14/2013,94.21
5/13/2013,95.17
5/10/2013,96.04
5/9/2013,96.39
5/8/2013,96.62
5/7/2013,95.62
5/6/2013,96.16
5/3/2013,95.61
5/2/2013,93.99
5/1/2013,91.03
4/30/2013,93.46
4/29/2013,94.5
4/26/2013,93
4/25/2013,93.64
4/24/2013,91.43
4/23/2013,89.18
4/22/2013,88.76
4/19/2013,88.01
4/18/2013,87.73
4/17/2013,86.68
4/16/2013,88.72
4/15/2013,88.71
4/12/2013,91.29
4/11/2013,93.51
4/10/2013,94.64
4/9/2013,94.2
4/8/2013,93.36
4/5/2013,92.7
4/4/2013,93.26
4/3/2013,94.45
4/2/2013,97.19
4/1/2013,97.07
3/29/2013,0
3/28/2013,97.23
3/27/2013,96.58
3/26/2013,96.34
3/25/2013,94.81
3/22/2013,93.71
3/21/2013,92.45
3/20/2013,92.96
3/19/2013,92.16
3/18/2013,93.74
3/15/2013,93.45
3/14/2013,93.03
3/13/2013,92.52
3/12/2013,92.54
3/11/2013,92.06
3/8/2013,91.95
3/7/2013,91.56
3/6/2013,90.43
3/5/2013,90.82
3/4/2013,90.12
3/1/2013,90.68
2/28/2013,92.05
2/27/2013,92.76
2/26/2013,92.63
2/25/2013,93.11
2/22/2013,93.13
2/21/2013,92.84
2/20/2013,94.46
2/19/2013,96.66
2/15/2013,95.86
2/14/2013,97.31
2/13/2013,97.01
2/12/2013,97.51
2/11/2013,97.03
2/8/2013,95.72
2/7/2013,95.83
2/6/2013,96.62
2/5/2013,96.64
2/4/2013,96.17
2/1/2013,97.77
1/31/2013,97.49
1/30/2013,97.94
1/29/2013,97.57
1/28/2013,96.44
1/25/2013,95.88
1/24/2013,95.95
1/23/2013,95.23
1/22/2013,96.24
1/18/2013,95.56
1/17/2013,95.49
1/16/2013,94.24
1/15/2013,93.28
1/14/2013,94.14
1/11/2013,93.56
1/10/2013,93.82
1/9/2013,93.1
1/8/2013,93.15
1/7/2013,93.19
1/4/2013,93.09
1/3/2013,92.92
1/2/2013,93.12
12/31/2012,91.82
12/28/2012,90.8
12/27/2012,90.87
12/26/2012,90.98
12/24/2012,88.61
12/21/2012,88.66
12/20/2012,90.13
12/19/2012,89.51
12/18/2012,87.93
12/17/2012,87.2
12/14/2012,86.73
12/13/2012,85.89
12/12/2012,86.77
12/11/2012,85.79
12/10/2012,85.56
12/7/2012,85.93
12/6/2012,86.26
12/5/2012,87.88
12/4/2012,88.5
12/3/2012,89.09
11/30/2012,88.91
11/29/2012,88.07
11/28/2012,86.49
11/27/2012,87.18
11/26/2012,87.74
11/23/2012,88.28
11/21/2012,87.38
11/20/2012,86.75
11/19/2012,89.28
11/16/2012,86.67
11/15/2012,85.45
11/14/2012,86.32
11/13/2012,85.38
11/12/2012,85.57
11/9/2012,86.07
11/8/2012,85.09
11/7/2012,84.44
11/6/2012,88.71
11/5/2012,85.65
11/2/2012,84.86
11/1/2012,87.09
10/31/2012,86.24
10/26/2012,86.28
10/25/2012,86.05
10/24/2012,85.73
10/23/2012,86.67
10/22/2012,88.73
10/19/2012,90.05
10/18/2012,92.1
10/17/2012,92.12
10/16/2012,92.09
10/15/2012,91.85
10/12/2012,91.86
10/11/2012,92.07
10/10/2012,91.25
10/9/2012,92.39
10/8/2012,89.33
10/5/2012,89.88
10/4/2012,91.71
10/3/2012,88.14
10/2/2012,91.89
10/1/2012,92.48
9/28/2012,92.19
9/27/2012,91.85
9/26/2012,89.98
9/25/2012,91.37
9/24/2012,91.93
9/21/2012,92.89
9/20/2012,91.87
9/19/2012,91.98
9/18/2012,95.29
9/17/2012,96.62
9/14/2012,99
9/13/2012,98.31
9/12/2012,97.01
9/11/2012,97.17
9/10/2012,96.54
9/7/2012,96.42
9/6/2012,95.53
9/5/2012,95.36
9/4/2012,95.3
8/31/2012,96.47
8/30/2012,94.62
8/29/2012,95.49
8/28/2012,96.33
8/27/2012,95.47
8/24/2012,96.15
8/23/2012,96.27
8/22/2012,97.26
8/21/2012,96.68
8/20/2012,95.97
8/17/2012,96.01
8/16/2012,95.6
8/15/2012,94.33
8/14/2012,93.43
8/13/2012,92.73
8/10/2012,92.87
8/9/2012,93.36
8/8/2012,93.35
8/7/2012,93.67
8/6/2012,92.2
8/3/2012,91.4
8/2/2012,87.13
8/1/2012,88.91
7/31/2012,88.06
7/30/2012,89.78
7/27/2012,90.13
7/26/2012,89.39
7/25/2012,88.97
7/24/2012,88.5
7/23/2012,88.14
7/20/2012,91.44
7/19/2012,92.66
7/18/2012,89.87
7/17/2012,89.22
7/16/2012,88.43
7/13/2012,87.1
7/12/2012,86.08
7/11/2012,85.81
7/10/2012,83.91
7/9/2012,85.99
7/6/2012,84.45
7/5/2012,87.22
7/3/2012,87.66
7/2/2012,83.75
6/29/2012,84.96
6/28/2012,77.69
6/27/2012,80.21
6/26/2012,79.36
6/25/2012,79.21
6/22/2012,79.76
6/21/2012,78.2
6/20/2012,81.8
6/19/2012,84.03
6/18/2012,83.27
6/15/2012,84.03
6/14/2012,83.91
6/13/2012,82.62
6/12/2012,83.32
6/11/2012,82.7
6/8/2012,84.1
6/7/2012,84.82
6/6/2012,85.02
6/5/2012,84.29
6/4/2012,83.98
6/1/2012,83.23
5/31/2012,86.53
5/30/2012,87.82
5/29/2012,90.76
5/25/2012,90.86
5/24/2012,90.66
5/23/2012,89.9
5/22/2012,91.66
5/21/2012,92.57
5/18/2012,91.48
5/17/2012,92.56
5/16/2012,92.81
5/15/2012,93.98
5/14/2012,94.78
5/11/2012,96.13
5/10/2012,97.08
5/9/2012,96.81
5/8/2012,97.01
5/7/2012,97.94
5/4/2012,98.49
5/3/2012,102.54
5/2/2012,105.22
5/1/2012,106.16
4/30/2012,104.87
4/27/2012,104.93
4/26/2012,104.55
4/25/2012,104.12
4/24/2012,103.55
4/23/2012,103.11
4/20/2012,103.05
4/19/2012,102.27
4/18/2012,102.67
4/17/2012,104.2
4/16/2012,102.93
4/13/2012,102.83
4/12/2012,103.64
4/11/2012,102.7
4/10/2012,101.02
4/9/2012,102.46
4/5/2012,103.31
4/4/2012,101.47
4/3/2012,104.01
4/2/2012,105.23
3/30/2012,103.02
3/29/2012,102.78
3/28/2012,105.41
3/27/2012,107.33
3/26/2012,107.03
3/23/2012,106.87
3/22/2012,105.35
3/21/2012,107.27
3/20/2012,105.61
3/19/2012,108.09
3/16/2012,107.06
3/15/2012,105.11
3/14/2012,105.43
3/13/2012,106.71
3/12/2012,106.34
3/9/2012,107.4
3/8/2012,106.58
3/7/2012,106.16
3/6/2012,104.7
3/5/2012,106.72
3/2/2012,106.7
3/1/2012,108.84
2/29/2012,107.07
2/28/2012,106.55
2/27/2012,108.56
2/24/2012,109.77
2/23/2012,107.83
2/22/2012,106.28
2/21/2012,105.84
2/17/2012,103.24
2/16/2012,102.31
2/15/2012,101.8
2/14/2012,100.74
2/13/2012,100.91
2/10/2012,98.67
2/9/2012,99.84
2/8/2012,98.71
2/7/2012,98.41
2/6/2012,96.91
2/3/2012,97.84
2/2/2012,96.36
2/1/2012,97.61
1/31/2012,98.48
1/30/2012,98.78
1/27/2012,99.56
1/26/2012,99.7
1/25/2012,99.4
1/24/2012,98.95
1/23/2012,99.58
1/20/2012,98.46
1/19/2012,100.39
1/18/2012,100.59
1/17/2012,100.71
1/13/2012,98.7
1/12/2012,99.1
1/11/2012,100.87
1/10/2012,102.24
1/9/2012,101.31
1/6/2012,101.56
1/5/2012,101.81
1/4/2012,103.22
1/3/2012,102.96
12/30/2011,98.83
12/29/2011,99.65
12/28/2011,99.36
12/27/2011,101.34
12/23/2011,99.68
12/22/2011,99.53
12/21/2011,98.67
12/20/2011,97.22
12/19/2011,93.88
12/16/2011,93.53
12/15/2011,93.87
12/14/2011,94.95
12/13/2011,100.14
12/12/2011,97.77
12/9/2011,99.41
12/8/2011,98.34
12/7/2011,100.49
12/6/2011,101.28
12/5/2011,100.99
12/2/2011,100.96
12/1/2011,100.2
11/30/2011,100.36
11/29/2011,99.79
11/28/2011,98.21
11/25/2011,96.77
11/23/2011,96.17
11/22/2011,98.01
11/21/2011,96.92
11/18/2011,97.41
11/17/2011,98.82
11/16/2011,102.59
11/15/2011,99.37
11/14/2011,98.14
11/11/2011,98.99
11/10/2011,97.78
11/9/2011,95.74
11/8/2011,96.8
11/7/2011,95.52
11/4/2011,94.26
11/3/2011,94.07
11/2/2011,92.51
11/1/2011,92.19
10/31/2011,93.19
10/28/2011,93.32
10/27/2011,93.96
10/26/2011,90.2
10/25/2011,93.17
10/24/2011,91.27
10/21/2011,87.4
10/20/2011,85.3
10/19/2011,86.11
10/18/2011,88.34
10/17/2011,86.38
10/14/2011,86.8
10/13/2011,84.23
10/12/2011,85.57
10/11/2011,85.81
10/10/2011,85.41
10/7/2011,82.98
10/6/2011,82.59
10/5/2011,79.68
10/4/2011,75.67
10/3/2011,77.61
9/30/2011,79.2
9/29/2011,82.14
9/28/2011,81.21
9/27/2011,84.45
9/26/2011,80.24
9/23/2011,79.85
9/22/2011,80.51
9/21/2011,85.92
9/20/2011,86.89
9/19/2011,85.7
9/16/2011,87.96
9/15/2011,89.4
9/14/2011,88.91
9/13/2011,90.21
9/12/2011,88.19
9/9/2011,87.24
9/8/2011,89.05
9/7/2011,89.34
9/6/2011,86.02
9/2/2011,86.45
9/1/2011,88.93
8/31/2011,88.81
8/30/2011,88.9
8/29/2011,87.27
8/26/2011,85.37
8/25/2011,85.3
8/24/2011,85.16
8/23/2011,85.44
8/22/2011,84.12
8/19/2011,82.26
8/18/2011,82.38
8/17/2011,87.58
8/16/2011,86.65
8/15/2011,87.88
8/12/2011,85.38
8/11/2011,85.72
8/10/2011,82.89
8/9/2011,79.3
8/8/2011,81.31
8/5/2011,86.88
8/4/2011,86.63
8/3/2011,91.93
8/2/2011,93.79
8/1/2011,94.89
7/29/2011,95.7
7/28/2011,97.44
7/27/2011,97.4
7/26/2011,99.59
7/25/2011,99.2
7/22/2011,99.87
7/21/2011,99.13
7/20/2011,98.14
7/19/2011,97.5
7/18/2011,95.93
7/15/2011,97.24
7/14/2011,95.69
7/13/2011,98.05
7/12/2011,97.43
7/11/2011,95.15
7/8/2011,96.2
7/7/2011,98.67
7/6/2011,96.65
7/5/2011,96.89
7/1/2011,94.94
6/30/2011,95.42
6/29/2011,94.77
6/28/2011,92.89
6/27/2011,90.61
6/24/2011,91.16
6/23/2011,91.02
6/22/2011,95.41
6/21/2011,93.4
6/20/2011,93.26
6/17/2011,93.01
6/16/2011,94.95
6/15/2011,94.81
6/14/2011,99.37
6/13/2011,97.3
6/10/2011,99.29
6/9/2011,101.93
6/8/2011,100.74
6/7/2011,99.09
6/6/2011,99.01
6/3/2011,100.22
6/2/2011,100.4
6/1/2011,100.29
5/31/2011,102.7
5/27/2011,100.59
5/26/2011,100.23
5/25/2011,101.32
5/24/2011,99.59
5/23/2011,97.7
5/20/2011,99.49
5/19/2011,98.44
5/18/2011,100.1
5/17/2011,96.91
5/16/2011,97.37
5/13/2011,99.65
5/12/2011,98.97
5/11/2011,98.21
5/10/2011,103.88
5/9/2011,102.55
5/6/2011,97.18
5/5/2011,99.8
5/4/2011,109.24
5/3/2011,111.05
5/2/2011,113.52
4/29/2011,113.93
4/28/2011,112.86
4/27/2011,112.76
4/26/2011,112.21
4/25/2011,112.28
4/21/2011,112.29
4/20/2011,111.45
4/19/2011,108.15
4/18/2011,107.12
4/15/2011,109.66
4/14/2011,108.11
4/13/2011,107.11
4/12/2011,106.25
4/11/2011,109.92
4/8/2011,112.79
4/7/2011,110.3
4/6/2011,108.83
4/5/2011,108.34
4/4/2011,108.47
4/1/2011,107.94
3/31/2011,106.72
3/30/2011,104.27
3/29/2011,104.79
3/28/2011,103.98
3/25/2011,105.4
3/24/2011,105.6
3/23/2011,105.75
3/22/2011,104
3/21/2011,102.33
3/18/2011,101.07
3/17/2011,101.42
3/16/2011,97.98
3/15/2011,97.18
3/14/2011,101.19
3/11/2011,101.16
3/10/2011,102.7
3/9/2011,104.38
3/8/2011,105.02
3/7/2011,105.44
3/4/2011,104.42
3/3/2011,101.91
3/2/2011,102.23
3/1/2011,99.63
2/28/2011,96.97
2/25/2011,97.88
2/24/2011,97.28
2/23/2011,98.1
2/22/2011,93.57
2/18/2011,86.2
2/17/2011,86.36
2/16/2011,84.99
2/15/2011,84.32
2/14/2011,84.81
2/11/2011,85.58
2/10/2011,86.73
2/9/2011,86.71
2/8/2011,86.94
2/7/2011,87.48
2/4/2011,89.03
2/3/2011,90.54
2/2/2011,90.86
2/1/2011,90.77
1/31/2011,92.19
1/28/2011,89.34
1/27/2011,85.64
1/26/2011,87.33
1/25/2011,86.19
1/24/2011,87.87
1/21/2011,89.11
1/20/2011,88.86
1/19/2011,90.86
1/18/2011,91.38
1/14/2011,91.54
1/13/2011,91.4
1/12/2011,91.86
1/11/2011,91.11
1/10/2011,89.25
1/7/2011,88.03
1/6/2011,88.38
1/5/2011,90.3
1/4/2011,89.38
1/3/2011,91.55
12/31/2010,91.38
12/30/2010,89.84
12/29/2010,91.12
12/28/2010,91.49
12/27/2010,91
12/23/2010,91.51
12/22/2010,90.48
12/21/2010,89.82
12/20/2010,88.81
12/17/2010,88.02
12/16/2010,87.7
12/15/2010,88.62
12/14/2010,88.28
12/13/2010,88.61
12/10/2010,87.79
12/9/2010,88.37
12/8/2010,88.28
12/7/2010,88.69
12/6/2010,89.38
12/3/2010,89.19
12/2/2010,88
12/1/2010,86.75
11/30/2010,84.11
11/29/2010,85.73
11/26/2010,83.76
11/24/2010,83.86
11/23/2010,81.25
11/22/2010,81.74
11/19/2010,81.51
11/18/2010,81.85
11/17/2010,80.44
11/16/2010,82.34
11/15/2010,84.86
11/12/2010,84.88
11/11/2010,87.81
11/10/2010,87.81
11/9/2010,86.72
11/8/2010,87.06
11/5/2010,86.85
11/4/2010,86.49
11/3/2010,84.69
11/2/2010,83.9
11/1/2010,82.95
10/29/2010,81.43
10/28/2010,82.18
10/27/2010,81.94
10/26/2010,82.55
10/25/2010,82.52
10/22/2010,81.69
10/21/2010,80.56
10/20/2010,81.77
10/19/2010,79.49
10/18/2010,83.08
10/15/2010,81.25
10/14/2010,82.69
10/13/2010,83.01
10/12/2010,81.67
10/11/2010,82.21
10/8/2010,82.66
10/7/2010,81.67
10/6/2010,83.23
10/5/2010,82.82
10/4/2010,81.47
10/1/2010,81.58
9/30/2010,79.97
9/29/2010,77.86
9/28/2010,76.18
9/27/2010,76.52
9/24/2010,76.49
9/23/2010,75.18
9/22/2010,74.71
9/21/2010,73.52
9/20/2010,74.86
9/17/2010,73.66
9/16/2010,74.57
9/15/2010,76.02
9/14/2010,76.8
9/13/2010,77.19
9/10/2010,76.45
9/9/2010,74.25
9/8/2010,74.67
9/7/2010,74.09
9/3/2010,74.6
9/2/2010,75.02
9/1/2010,73.91
8/31/2010,71.92
8/30/2010,74.7
8/27/2010,75.17
8/26/2010,73.36
8/25/2010,72.52
8/24/2010,71.63
8/23/2010,73.1
8/20/2010,73.46
8/19/2010,74.43
8/18/2010,75.42
8/17/2010,75.77
8/16/2010,75.24
8/13/2010,75.39
8/12/2010,75.74
8/11/2010,78.02
8/10/2010,80.25
8/9/2010,81.48
8/6/2010,80.7
8/5/2010,82.01
8/4/2010,82.47
8/3/2010,82.55
8/2/2010,81.34
7/30/2010,78.95
7/29/2010,78.36
7/28/2010,76.99
7/27/2010,77.5
7/26/2010,78.98
7/23/2010,78.98
7/22/2010,79.3
7/21/2010,76.56
7/20/2010,77.44
7/19/2010,76.54
7/16/2010,76.01
7/15/2010,76.62
7/14/2010,77.04
7/13/2010,77.15
7/12/2010,74.95
7/9/2010,76.09
7/8/2010,75.44
7/7/2010,74.07
7/6/2010,71.98
7/2/2010,72.14
7/1/2010,72.95
6/30/2010,75.63
6/29/2010,75.94
6/28/2010,78.25
6/25/2010,78.86
6/24/2010,76.51
6/23/2010,76.35
6/22/2010,77.21
6/21/2010,77.82
6/18/2010,77.18
6/17/2010,76.79
6/16/2010,77.67
6/15/2010,76.94
6/14/2010,75.12
6/11/2010,73.78
6/10/2010,75.48
6/9/2010,74.38
6/8/2010,71.99
6/7/2010,71.44
6/4/2010,71.51
6/3/2010,74.61
6/2/2010,72.86
6/1/2010,72.58
5/28/2010,73.97
5/27/2010,74.55
5/26/2010,71.51
5/25/2010,68.75
5/24/2010,70.21
5/21/2010,70.04
5/20/2010,68.01
5/19/2010,69.87
5/18/2010,69.41
5/17/2010,70.08
5/14/2010,71.61
5/13/2010,74.4
5/12/2010,75.65
5/11/2010,76.37
5/10/2010,76.8
5/7/2010,75.11
5/6/2010,77.11
5/5/2010,79.97
5/4/2010,82.74
5/3/2010,86.19
4/30/2010,86.15
4/29/2010,85.17
4/28/2010,83.22
4/27/2010,82.44
4/26/2010,84.2
4/23/2010,85.12
4/22/2010,83.7
4/21/2010,83.68
4/20/2010,83.45
4/19/2010,81.45
4/16/2010,83.24
4/15/2010,85.51
4/14/2010,85.84
4/13/2010,84.05
4/12/2010,84.34
4/9/2010,84.92
4/8/2010,85.39
4/7/2010,85.88
4/6/2010,86.84
4/5/2010,86.62
4/1/2010,84.87
3/31/2010,83.76
3/30/2010,82.37
3/29/2010,82.17
3/26/2010,80
3/25/2010,80.53
3/24/2010,80.61
3/23/2010,81.91
3/22/2010,81.25
3/19/2010,80.68
3/18/2010,82.2
3/17/2010,82.93
3/16/2010,81.7
3/15/2010,79.8
3/12/2010,81.24
3/11/2010,82.11
3/10/2010,82.09
3/9/2010,81.49
3/8/2010,81.87
3/5/2010,81.5
3/4/2010,80.21
3/3/2010,80.87
3/2/2010,79.68
3/1/2010,78.7
2/26/2010,79.66
2/25/2010,78.17
2/24/2010,80
2/23/2010,78.86
2/22/2010,80.16
2/19/2010,79.81
2/18/2010,79.06
2/17/2010,77.33
2/16/2010,77.01
2/12/2010,74.13
2/11/2010,75.28
2/10/2010,74.52
2/9/2010,73.75
2/8/2010,71.89
2/5/2010,71.19
2/4/2010,73.14
2/3/2010,76.98
2/2/2010,77.23
2/1/2010,74.43
1/29/2010,72.89
1/28/2010,73.64
1/27/2010,73.67
1/26/2010,74.71
1/25/2010,75.26
1/22/2010,74.54
1/21/2010,76.08
1/20/2010,77.62
1/19/2010,79.02
1/15/2010,78
1/14/2010,79.39
1/13/2010,79.65
1/12/2010,80.79
1/11/2010,82.52
1/8/2010,82.75
1/7/2010,82.66
1/6/2010,83.18
1/5/2010,81.77
1/4/2010,81.51
12/31/2009,79.36
12/30/2009,79.28
12/29/2009,78.87
12/28/2009,78.77
12/24/2009,78.05
12/23/2009,76.67
12/22/2009,74.4
12/21/2009,72.47
12/18/2009,73.36
12/17/2009,72.65
12/16/2009,72.66
12/15/2009,70.69
12/14/2009,69.51
12/11/2009,69.87
12/10/2009,70.54
12/9/2009,70.67
12/8/2009,72.62
12/7/2009,73.93
12/4/2009,75.47
12/3/2009,76.46
12/2/2009,76.6
12/1/2009,78.37
11/30/2009,77.28
11/27/2009,76.05
11/25/2009,77.96
11/24/2009,76.02
11/23/2009,77.56
11/20/2009,76.72
11/19/2009,77.46
11/18/2009,79.58
11/17/2009,79.14
11/16/2009,78.9
11/13/2009,76.35
11/12/2009,76.94
11/11/2009,79.28
11/10/2009,79.05
11/9/2009,79.43
11/6/2009,77.43
11/5/2009,79.62
11/4/2009,80.4
11/3/2009,79.6
11/2/2009,78.13
10/30/2009,77
10/29/2009,79.87
10/28/2009,77.46
10/27/2009,79.55
10/26/2009,78.68
10/23/2009,80.5
10/22/2009,81.19
10/21/2009,81.37
10/20/2009,79.09
10/19/2009,79.61
10/16/2009,78.53
10/15/2009,77.58
10/14/2009,75.18
10/13/2009,74.15
10/12/2009,73.27
10/9/2009,71.77
10/8/2009,71.69
10/7/2009,69.57
10/6/2009,70.88
10/5/2009,70.41
10/2/2009,69.95
10/1/2009,70.82
9/30/2009,70.61
9/29/2009,66.71
9/28/2009,66.84
9/25/2009,66.02
9/24/2009,65.89
9/23/2009,68.97
9/22/2009,71.55
9/21/2009,69.71
9/18/2009,72.04
9/17/2009,72.47
9/16/2009,72.51
9/15/2009,70.93
9/14/2009,68.86
9/11/2009,69.29
9/10/2009,71.94
9/9/2009,71.31
9/8/2009,71.1
9/4/2009,68.02
9/3/2009,67.96
9/2/2009,68.05
9/1/2009,68.05
8/31/2009,69.96
8/28/2009,72.74
8/27/2009,72.49
8/26/2009,71.43
8/25/2009,72.05
8/24/2009,74.37
8/21/2009,73.89
8/20/2009,72.54
8/19/2009,72.42
8/18/2009,69.19
8/17/2009,66.75
8/14/2009,67.51
8/13/2009,70.52
8/12/2009,70.16
8/11/2009,69.45
8/10/2009,70.6
8/7/2009,70.93
8/6/2009,71.94
8/5/2009,71.97
8/4/2009,71.42
8/3/2009,71.58
7/31/2009,69.45
7/30/2009,66.94
7/29/2009,63.35
7/28/2009,67.23
7/27/2009,68.38
7/24/2009,68.05
7/23/2009,67.16
7/22/2009,65.4
7/21/2009,64.72
7/20/2009,63.98
7/17/2009,63.56
7/16/2009,62.02
7/15/2009,61.54
7/14/2009,59.52
7/13/2009,59.69
7/10/2009,59.89
7/9/2009,60.41
7/8/2009,60.14
7/7/2009,62.93
7/6/2009,64.05
7/2/2009,66.73
7/1/2009,69.31
6/30/2009,69.89
6/29/2009,71.49
6/26/2009,69.16
6/25/2009,70.23
6/24/2009,68.67
6/23/2009,69.24
6/22/2009,66.93
6/19/2009,69.55
6/18/2009,71.37
6/17/2009,71.03
6/16/2009,70.47
6/15/2009,70.62
6/12/2009,72.04
6/11/2009,72.68
6/10/2009,71.33
6/9/2009,70.01
6/8/2009,68.09
6/5/2009,68.44
6/4/2009,68.81
6/3/2009,66.12
6/2/2009,68.55
6/1/2009,68.58
5/29/2009,66.31
5/28/2009,65.08
5/27/2009,63.45
5/26/2009,62.45
5/22/2009,61.67
5/21/2009,61.05
5/20/2009,62.04
5/19/2009,59.65
5/18/2009,59.03
5/15/2009,56.34
5/14/2009,58.62
5/13/2009,58.02
5/12/2009,58.85
5/11/2009,58.5
5/8/2009,58.63
5/7/2009,56.71
5/6/2009,56.34
5/5/2009,53.84
5/4/2009,54.47
5/1/2009,53.2
4/30/2009,51.12
4/29/2009,50.97
4/28/2009,49.92
4/27/2009,50.14
4/24/2009,51.55
4/23/2009,49.62
4/22/2009,48.85
4/21/2009,46.51
4/20/2009,45.88
4/17/2009,50.33
4/16/2009,49.98
4/15/2009,49.25
4/14/2009,49.41
4/13/2009,50.05
4/9/2009,52.24
4/8/2009,49.38
4/7/2009,49.15
4/6/2009,51.05
4/3/2009,52.51
4/2/2009,52.64
4/1/2009,48.39
3/31/2009,49.66
3/30/2009,48.41
3/27/2009,52.38
3/26/2009,54.34
3/25/2009,52.77
3/24/2009,53.98
3/23/2009,53.8
3/20/2009,51.06
3/19/2009,51.61
3/18/2009,48.14
3/17/2009,49.16
3/16/2009,47.35
3/13/2009,46.25
3/12/2009,47.03
3/11/2009,42.33
3/10/2009,45.71
3/9/2009,47.07
3/6/2009,45.52
3/5/2009,43.61
3/4/2009,45.38
3/3/2009,41.65
3/2/2009,40.15
2/27/2009,44.76
2/26/2009,45.22
2/25/2009,42.5
2/24/2009,39.96
2/23/2009,38.44
2/20/2009,38.94
2/19/2009,39.48
2/18/2009,34.62
2/17/2009,34.93
2/13/2009,37.51
2/12/2009,33.98
2/11/2009,35.94
2/10/2009,37.55
2/9/2009,39.56
2/6/2009,40.17
2/5/2009,41.17
2/4/2009,40.32
2/3/2009,40.78
2/2/2009,40.08
1/30/2009,41.68
1/29/2009,41.44
1/28/2009,42.16
1/27/2009,41.58
1/26/2009,45.73
1/23/2009,46.47
1/22/2009,43.67
1/21/2009,43.55
1/20/2009,38.74
1/16/2009,36.51
1/15/2009,35.4
1/14/2009,37.28
1/13/2009,37.78
1/12/2009,37.59
1/9/2009,40.83
1/8/2009,41.7
1/7/2009,42.63
1/6/2009,48.58
1/5/2009,48.81
1/2/2009,46.34
12/31/2008,44.6
12/30/2008,39.03
12/29/2008,40.02
12/26/2008,37.71
12/24/2008,35.35
12/23/2008,38.98
12/22/2008,39.91
12/19/2008,33.87
12/18/2008,36.22
12/17/2008,40.06
12/16/2008,43.6
12/15/2008,44.51
12/12/2008,46.28
12/11/2008,47.98
12/10/2008,43.52
12/9/2008,42.07
12/8/2008,43.71
12/5/2008,40.81
12/4/2008,43.67
12/3/2008,46.79
12/2/2008,46.96
12/1/2008,49.28
11/28/2008,54.43
11/26/2008,54.44
11/25/2008,50.77
11/24/2008,54.5
11/21/2008,49.93
11/20/2008,49.62
11/19/2008,53.62
11/18/2008,54.39
11/17/2008,54.95
11/14/2008,57.04
11/13/2008,58.24
11/12/2008,56.16
11/11/2008,59.33
11/10/2008,62.41
11/7/2008,61.04
11/6/2008,60.77
11/5/2008,65.3
11/4/2008,70.53
11/3/2008,63.91
10/31/2008,67.81
10/30/2008,65.96
10/29/2008,67.5
10/28/2008,62.73
10/27/2008,63.22
10/24/2008,64.15
10/23/2008,67.84
10/22/2008,66.75
10/21/2008,70.89
10/20/2008,74.25
10/17/2008,71.85
10/16/2008,69.85
10/15/2008,74.54
10/14/2008,78.63
10/13/2008,81.19
10/10/2008,77.7
10/9/2008,86.59
10/8/2008,88.95
10/7/2008,90.06
10/6/2008,87.81
10/3/2008,93.88
10/2/2008,93.97
10/1/2008,98.53
9/30/2008,100.64
9/29/2008,96.37
9/26/2008,106.89
9/25/2008,108.02
9/24/2008,105.73
9/23/2008,106.61
9/22/2008,120.92
9/19/2008,104.55
9/18/2008,97.88
9/17/2008,97.16
9/16/2008,91.15
9/15/2008,95.71
9/12/2008,101.18
9/11/2008,100.87
9/10/2008,102.58
9/9/2008,103.26
9/8/2008,106.34
9/5/2008,106.23
9/4/2008,107.89
9/3/2008,109.35
9/2/2008,109.71
8/29/2008,115.46
8/28/2008,115.59
8/27/2008,118.15
8/26/2008,116.27
8/25/2008,115.11
8/22/2008,114.59
8/21/2008,121.18
8/20/2008,114.98
8/19/2008,114.53
8/18/2008,112.87
8/15/2008,113.77
8/14/2008,115.01
8/13/2008,116
8/12/2008,113.01
8/11/2008,114.45
8/8/2008,115.2
8/7/2008,120.02
8/6/2008,118.58
8/5/2008,119.17
8/4/2008,121.41
8/1/2008,125.1
7/31/2008,124.08
7/30/2008,126.77
7/29/2008,122.19
7/28/2008,124.73
7/25/2008,123.26
7/24/2008,125.49
7/23/2008,124.44
7/22/2008,127.95
7/21/2008,131.04
7/18/2008,128.88
7/17/2008,129.29
7/16/2008,134.6
7/15/2008,138.74
7/14/2008,145.18
7/11/2008,145.08
7/10/2008,141.65
7/9/2008,136.05
7/8/2008,136.04
7/7/2008,141.37
7/3/2008,145.29
7/2/2008,143.57
7/1/2008,140.97
6/30/2008,140
6/27/2008,140.21
6/26/2008,139.64
6/25/2008,134.55
6/24/2008,137
6/23/2008,136.74
6/20/2008,134.62
6/19/2008,131.93
6/18/2008,136.68
6/17/2008,134.01
6/16/2008,134.61
6/13/2008,134.86
6/12/2008,136.74
6/11/2008,136.38
6/10/2008,131.31
6/9/2008,134.35
6/6/2008,138.54
6/5/2008,127.79
6/4/2008,122.3
6/3/2008,124.31
6/2/2008,127.76
5/30/2008,127.35
5/29/2008,126.62
5/28/2008,131.03
5/27/2008,128.85
5/23/2008,132.19
5/22/2008,130.81
5/21/2008,133.17
5/20/2008,129.07
5/19/2008,127.05
5/16/2008,126.29
5/15/2008,124.12
5/14/2008,124.22
5/13/2008,125.8
5/12/2008,124.23
5/9/2008,125.96
5/8/2008,123.69
5/7/2008,123.53
5/6/2008,121.84
5/5/2008,119.97
5/2/2008,116.32
5/1/2008,112.52
4/30/2008,113.46
4/29/2008,115.63
4/28/2008,118.75
4/25/2008,118.52
4/24/2008,116.06
4/23/2008,118.3
4/22/2008,119.37
4/21/2008,117.48
4/18/2008,116.69
4/17/2008,114.86
4/16/2008,114.93
4/15/2008,113.79
4/14/2008,111.76
4/11/2008,110.14
4/10/2008,110.11
4/9/2008,110.87
4/8/2008,108.5
4/7/2008,109.09
4/4/2008,106.23
4/3/2008,103.83
4/2/2008,104.83
4/1/2008,100.98
3/31/2008,101.58
3/28/2008,105.62
3/27/2008,107.58
3/26/2008,105.9
3/25/2008,101.22
3/24/2008,100.86
3/20/2008,101.84
3/19/2008,104.48
3/18/2008,109.42
3/17/2008,105.68
3/14/2008,110.21
3/13/2008,110.33
3/12/2008,109.92
3/11/2008,108.75
3/10/2008,107.9
3/7/2008,105.15
3/6/2008,105.47
3/5/2008,104.52
3/4/2008,99.52
3/3/2008,102.45
2/29/2008,101.84
2/28/2008,102.59
2/27/2008,99.64
2/26/2008,100.88
2/25/2008,99.23
2/22/2008,98.81
2/21/2008,98.23
2/20/2008,100.74
2/19/2008,100.01
2/15/2008,95.5
2/14/2008,95.46
2/13/2008,93.27
2/12/2008,92.78
2/11/2008,93.59
2/8/2008,91.77
2/7/2008,88.11
2/6/2008,87.14
2/5/2008,88.41
2/4/2008,90.02
2/1/2008,88.96
1/31/2008,91.75
1/30/2008,92.33
1/29/2008,91.64
1/28/2008,90.99
1/25/2008,90.71
1/24/2008,89.41
1/23/2008,86.99
1/22/2008,89.85
1/18/2008,90.57
1/17/2008,90.13
1/16/2008,90.84
1/15/2008,91.9
1/14/2008,94.2
1/11/2008,92.69
1/10/2008,93.71
1/9/2008,95.67
1/8/2008,96.33
1/7/2008,95.09
1/4/2008,97.91
1/3/2008,99.18
1/2/2008,99.62
12/31/2007,95.98
12/28/2007,96
12/27/2007,96.62
12/26/2007,95.97
12/24/2007,94.13
12/21/2007,93.31
12/20/2007,91.06
12/19/2007,91.24
12/18/2007,90.49
12/17/2007,90.63
12/14/2007,91.27
12/13/2007,92.25
12/12/2007,94.39
12/11/2007,90.02
12/10/2007,87.86
12/7/2007,88.28
12/6/2007,90.23
12/5/2007,87.49
12/4/2007,88.32
12/3/2007,89.31
11/30/2007,88.71
11/29/2007,91.01
11/28/2007,90.62
11/27/2007,94.42
11/26/2007,97.7
11/23/2007,98.18
11/21/2007,97.29
11/20/2007,98.03
11/19/2007,94.64
11/16/2007,95.1
11/15/2007,93.43
11/14/2007,94.09
11/13/2007,91.17
11/12/2007,94.62
11/9/2007,96.32
11/8/2007,95.46
11/7/2007,96.37
11/6/2007,96.7
11/5/2007,93.98
11/2/2007,95.93
11/1/2007,93.49
10/31/2007,94.53
10/30/2007,90.38
10/29/2007,93.53
10/26/2007,91.86
10/25/2007,90.46
10/24/2007,87.1
10/23/2007,85.27
10/22/2007,87.56
10/19/2007,88.6
10/18/2007,89.47
10/17/2007,87.4
10/16/2007,87.61
10/15/2007,86.13
10/12/2007,83.69
10/11/2007,83.08
10/10/2007,81.3
10/9/2007,80.26
10/8/2007,79.02
10/5/2007,81.22
10/4/2007,81.44
10/3/2007,79.94
10/2/2007,80.05
10/1/2007,80.24
9/28/2007,81.66
9/27/2007,82.88
9/26/2007,80.3
9/25/2007,79.53
9/24/2007,80.95
9/21/2007,81.62
9/20/2007,83.32
9/19/2007,81.93
9/18/2007,81.51
9/17/2007,80.57
9/14/2007,79.1
9/13/2007,80.09
9/12/2007,79.91
9/11/2007,78.23
9/10/2007,77.49
9/7/2007,76.7
9/6/2007,76.3
9/5/2007,75.73
9/4/2007,75.08
8/31/2007,74.04
8/30/2007,73.36
8/29/2007,73.51
8/28/2007,71.73
8/27/2007,71.97
8/24/2007,71.09
8/23/2007,69.83
8/22/2007,69.26
8/21/2007,69.47
8/20/2007,71.12
8/17/2007,71.98
8/16/2007,71
8/15/2007,73.33
8/14/2007,72.38
8/13/2007,71.62
8/10/2007,71.47
8/9/2007,71.59
8/8/2007,72.15
8/7/2007,72.42
8/6/2007,72.06
8/3/2007,75.48
8/2/2007,76.86
8/1/2007,76.53
7/31/2007,78.21
7/30/2007,76.83
7/27/2007,77.02
7/26/2007,74.95
7/25/2007,75.88
7/24/2007,73.56
7/23/2007,74.89
7/20/2007,75.57
7/19/2007,75.92
7/18/2007,75.05
7/17/2007,74.02
7/16/2007,74.15
7/13/2007,73.93
7/12/2007,72.5
7/11/2007,72.56
7/10/2007,72.81
7/9/2007,72.19
7/6/2007,72.81
7/5/2007,71.81
7/3/2007,71.41
7/2/2007,71.09
6/29/2007,70.68
6/28/2007,69.57
6/27/2007,68.97
6/26/2007,67.77
6/25/2007,69.18
6/22/2007,69.14
6/21/2007,68.65
6/20/2007,68.19
6/19/2007,69.1
6/18/2007,69.09
6/15/2007,68
6/14/2007,67.65
6/13/2007,66.26
6/12/2007,65.35
6/11/2007,65.97
6/8/2007,64.76
6/7/2007,66.93
6/6/2007,65.96
6/5/2007,65.61
6/4/2007,66.21
6/1/2007,65.08
5/31/2007,64.01
5/30/2007,63.49
5/29/2007,63.15
5/25/2007,65.2
5/24/2007,64.18
5/23/2007,65.77
5/22/2007,64.97
5/21/2007,66.27
5/18/2007,64.94
5/17/2007,64.86
5/16/2007,62.55
5/15/2007,63.17
5/14/2007,62.46
5/11/2007,62.37
5/10/2007,61.81
5/9/2007,61.55
5/8/2007,62.26
5/7/2007,61.47
5/4/2007,61.93
5/3/2007,63.19
5/2/2007,63.68
5/1/2007,64.4
4/30/2007,65.71
4/27/2007,66.46
4/26/2007,65.06
4/25/2007,65.84
4/24/2007,64.58
4/23/2007,65.89
4/20/2007,63.38
4/19/2007,61.83
4/18/2007,63.13
4/17/2007,63.1
4/16/2007,63.61
4/13/2007,63.63
4/12/2007,63.85
4/11/2007,62.01
4/10/2007,61.89
4/9/2007,61.51
4/5/2007,64.28
4/4/2007,64.38
4/3/2007,64.64
4/2/2007,65.94
3/30/2007,65.87
3/29/2007,66.03
3/28/2007,64.08
3/27/2007,62.93
3/26/2007,62.91
3/23/2007,62.28
3/22/2007,61.69
3/21/2007,59.61
3/20/2007,56.73
3/19/2007,56.59
3/16/2007,57.11
3/15/2007,57.55
3/14/2007,58.16
3/13/2007,57.93
3/12/2007,58.91
3/9/2007,60.05
3/8/2007,61.64
3/7/2007,61.82
3/6/2007,60.69
3/5/2007,60.07
3/2/2007,61.64
3/1/2007,62
2/28/2007,61.79
2/27/2007,61.46
2/26/2007,61.39
2/23/2007,61.14
2/22/2007,60.95
2/21/2007,60.07
2/20/2007,58.07
2/16/2007,59.39
2/15/2007,57.99
2/14/2007,58
2/13/2007,59.06
2/12/2007,57.81
2/9/2007,59.89
2/8/2007,59.71
2/7/2007,57.71
2/6/2007,58.88
2/5/2007,58.74
2/2/2007,59.02
2/1/2007,57.3
1/31/2007,58.14
1/30/2007,56.97
1/29/2007,54.01
1/26/2007,55.42
1/25/2007,54.23
1/24/2007,55.37
1/23/2007,55.04
1/22/2007,51.13
1/19/2007,51.99
1/18/2007,50.48
1/17/2007,52.24
1/16/2007,51.21
1/15/2007,0
1/12/2007,52.99
1/11/2007,51.88
1/10/2007,54.02
1/9/2007,55.64
1/8/2007,56.09
1/5/2007,56.31
1/4/2007,55.59
1/3/2007,58.32
1/2/2007,61.05
1/1/2007,0
12/29/2006,61.05
12/28/2006,60.53
12/27/2006,60.34
12/26/2006,61.1
12/25/2006,0
12/22/2006,62.41
12/21/2006,62.66
12/20/2006,63.72
12/19/2006,63.15
12/18/2006,62.21
12/15/2006,63.43
12/14/2006,62.51
12/13/2006,61.37
12/12/2006,61.02
12/11/2006,61.22
12/8/2006,62.03
12/7/2006,62.49
12/6/2006,62.19
12/5/2006,62.43
12/4/2006,62.44
12/1/2006,63.43
11/30/2006,63.13
11/29/2006,62.46
11/28/2006,60.99
11/27/2006,60.32
11/24/2006,0
11/23/2006,0
11/22/2006,59.24
11/21/2006,60.17
11/20/2006,58.8
11/17/2006,55.81
11/16/2006,56.26
11/15/2006,58.76
11/14/2006,58.28
11/13/2006,58.58
11/10/2006,59.59
11/9/2006,61.16
11/8/2006,59.83
11/7/2006,58.93
11/6/2006,60.02
11/3/2006,59.14
11/2/2006,57.88
11/1/2006,58.71
10/31/2006,58.73
10/30/2006,58.36
10/27/2006,60.75
10/26/2006,60.36
10/25/2006,61.4
10/24/2006,59.35
10/23/2006,58.81
10/20/2006,56.82
10/19/2006,58.5
10/18/2006,57.65
10/17/2006,58.93
10/16/2006,59.94
10/13/2006,58.57
10/12/2006,57.86
10/11/2006,57.59
10/10/2006,58.52
10/9/2006,59.96
10/6/2006,59.76
10/5/2006,60.03
10/4/2006,59.41
10/3/2006,58.68
10/2/2006,61.03
9/29/2006,62.91
9/28/2006,62.76
9/27/2006,62.96
9/26/2006,61.01
9/25/2006,61.45
9/22/2006,60.55
9/21/2006,61.59
9/20/2006,60.46
9/19/2006,61.66
9/18/2006,63.8
9/15/2006,63.33
9/14/2006,63.22
9/13/2006,63.97
9/12/2006,63.76
9/11/2006,65.61
9/8/2006,66.25
9/7/2006,67.32
9/6/2006,67.5
9/5/2006,68.6
9/4/2006,68.02
9/1/2006,69.19
8/31/2006,70.26
8/30/2006,70.03
8/29/2006,69.71
8/28/2006,70.61
8/25/2006,72.51
8/24/2006,72.36
8/23/2006,71.76
8/22/2006,72.63
8/21/2006,72.45
8/18/2006,71.14
8/17/2006,70.06
8/16/2006,71.89
8/15/2006,73.05
8/14/2006,73.53
8/11/2006,74.35
8/10/2006,74
8/9/2006,76.35
8/8/2006,76.31
8/7/2006,76.98
8/4/2006,74.76
8/3/2006,75.46
8/2/2006,75.81
8/1/2006,74.91
7/31/2006,74.4
7/28/2006,73.24
7/27/2006,74.54
7/26/2006,73.94
7/25/2006,73.75
7/24/2006,75.05
7/21/2006,74.43
7/20/2006,73.08
7/19/2006,72.66
7/18/2006,73.54
7/17/2006,75.3
7/14/2006,77.03
7/13/2006,76.7
7/12/2006,74.95
7/11/2006,74.16
7/10/2006,73.61
7/7/2006,74.09
7/6/2006,75.14
7/5/2006,75.19
7/4/2006,0
7/3/2006,0
6/30/2006,73.98
6/29/2006,73.52
6/28/2006,72.19
6/27/2006,71.92
6/26/2006,71.8
6/23/2006,70.87
6/22/2006,70.84
6/21/2006,70.33
6/20/2006,68.94
6/19/2006,68.98
6/16/2006,69.88
6/15/2006,69.5
6/14/2006,69.14
6/13/2006,68.56
6/12/2006,70.36
6/9/2006,71.63
6/8/2006,70.35
6/7/2006,70.82
6/6/2006,72.5
6/5/2006,72.6
6/2/2006,72.33
6/1/2006,70.34
5/31/2006,71.29
5/30/2006,72.03
5/29/2006,0
5/26/2006,71.37
5/25/2006,71.32
5/24/2006,69.86
5/23/2006,71.76
5/22/2006,69.23
5/19/2006,68.53
5/18/2006,69.45
5/17/2006,68.7
5/16/2006,69.53
5/15/2006,69.41
5/12/2006,72.04
5/11/2006,73.32
5/10/2006,72.13
5/9/2006,70.69
5/8/2006,69.77
5/5/2006,70.19
5/4/2006,69.94
5/3/2006,72.28
5/2/2006,74.61
5/1/2006,73.7
4/28/2006,71.88
4/27/2006,70.97
4/26/2006,71.93
4/25/2006,72.88
4/24/2006,73.33
4/21/2006,75.17
4/20/2006,71.95
4/19/2006,72.17
4/18/2006,71.35
4/17/2006,70.4
4/14/2006,0
4/13/2006,69.32
4/12/2006,68.62
4/11/2006,68.98
4/10/2006,68.74
4/7/2006,67.39
4/6/2006,67.94
4/5/2006,67.07
4/4/2006,66.23
4/3/2006,66.74
3/31/2006,66.63
3/30/2006,67.15
3/29/2006,66.45
3/28/2006,66.07
3/27/2006,64.16
3/24/2006,64.26
3/23/2006,63.91
3/22/2006,61.77
3/21/2006,60.57
3/20/2006,60.42
3/17/2006,62.77
3/16/2006,63.58
3/15/2006,62.17
3/14/2006,63.1
3/13/2006,61.77
3/10/2006,59.96
3/9/2006,60.47
3/8/2006,60.02
3/7/2006,61.58
3/6/2006,62.41
3/3/2006,63.67
3/2/2006,63.36
3/1/2006,61.97
2/28/2006,61.41
2/27/2006,61
2/24/2006,62.91
2/23/2006,60.54
2/22/2006,61.01
2/21/2006,61.1
2/20/2006,0
2/17/2006,59.88
2/16/2006,58.46
2/15/2006,57.7
2/14/2006,59.57
2/13/2006,61.24
2/10/2006,61.84
2/9/2006,62.62
2/8/2006,62.55
2/7/2006,63.09
2/6/2006,65.11
2/3/2006,65.37
2/2/2006,64.68
2/1/2006,66.56
1/31/2006,67.92
1/30/2006,68.35
1/27/2006,67.76
1/26/2006,66.26
1/25/2006,65.85
1/24/2006,67.06
1/23/2006,68.1
1/20/2006,68.35
1/19/2006,66.83
1/18/2006,65.73
1/17/2006,66.31
1/16/2006,0
1/13/2006,63.92
1/12/2006,63.94
1/11/2006,63.94
1/10/2006,63.37
1/9/2006,63.5
1/6/2006,64.21
1/5/2006,62.79
1/4/2006,63.42
1/3/2006,63.14
1/2/2006,0
12/30/2005,61.04
12/29/2005,60.32
12/28/2005,59.82
12/27/2005,58.16
12/26/2005,0
12/23/2005,58.43
12/22/2005,58.28
12/21/2005,58.56
12/20/2005,57.98
12/19/2005,57.33
12/16/2005,58.06
12/15/2005,59.99
12/14/2005,60.85
12/13/2005,61.37
12/12/2005,61.3
12/9/2005,59.39
12/8/2005,60.66
12/7/2005,59.21
12/6/2005,59.94
12/5/2005,59.91
12/2/2005,59.32
12/1/2005,58.47
11/30/2005,57.32
11/29/2005,56.5
11/28/2005,57.36
11/25/2005,0
11/24/2005,0
11/23/2005,58.71
11/22/2005,58.84
11/21/2005,57.7
11/18/2005,56.14
11/17/2005,56.33
11/16/2005,57.88
11/15/2005,56.98
11/14/2005,57.69
11/11/2005,57.53
11/10/2005,57.8
11/9/2005,58.93
11/8/2005,59.71
11/7/2005,59.47
11/4/2005,60.58
11/3/2005,61.78
11/2/2005,59.75
11/1/2005,59.85
10/31/2005,59.76
10/28/2005,61.22
10/27/2005,61.09
10/26/2005,60.66
10/25/2005,62.44
10/24/2005,60.32
10/21/2005,60.63
10/20/2005,61.03
10/19/2005,62.41
10/18/2005,63.2
10/17/2005,64.36
10/14/2005,62.63
10/13/2005,63.08
10/12/2005,64.12
10/11/2005,63.53
10/10/2005,61.8
10/7/2005,61.84
10/6/2005,61.36
10/5/2005,62.79
10/4/2005,63.9
10/3/2005,65.47
9/30/2005,66.24
9/29/2005,66.79
9/28/2005,66.35
9/27/2005,65.07
9/26/2005,65.82
9/23/2005,64.19
9/22/2005,66.5
9/21/2005,66.8
9/20/2005,66.23
9/19/2005,67.39
9/16/2005,63
9/15/2005,64.75
9/14/2005,65.09
9/13/2005,63.11
9/12/2005,63.33
9/9/2005,64.08
9/8/2005,64.49
9/7/2005,64.37
9/6/2005,65.96
9/5/2005,0
9/2/2005,67.57
9/1/2005,69.47
8/31/2005,68.94
8/30/2005,69.81
8/29/2005,67.2
8/26/2005,66.13
8/25/2005,67.49
8/24/2005,67.32
8/23/2005,65.71
8/22/2005,65.45
8/19/2005,65.35
8/18/2005,63.27
8/17/2005,63.25
8/16/2005,66.08
8/15/2005,66.27
8/12/2005,66.86
8/11/2005,65.8
8/10/2005,64.9
8/9/2005,63.07
8/8/2005,63.94
8/5/2005,62.31
8/4/2005,61.38
8/3/2005,60.86
8/2/2005,61.89
8/1/2005,61.57
7/29/2005,60.57
7/28/2005,59.94
7/27/2005,59.11
7/26/2005,59.2
7/25/2005,59
7/22/2005,58.65
7/21/2005,57.13
7/20/2005,56.72
7/19/2005,57.46
7/18/2005,57.32
7/15/2005,58.09
7/14/2005,57.8
7/13/2005,60.01
7/12/2005,60.62
7/11/2005,58.92
7/8/2005,59.63
7/7/2005,60.73
7/6/2005,61.28
7/5/2005,59.59
7/4/2005,0
7/1/2005,58.75
6/30/2005,56.5
6/29/2005,57.26
6/28/2005,58.2
6/27/2005,60.54
6/24/2005,59.84
6/23/2005,59.42
6/22/2005,58.09
6/21/2005,58.9
6/20/2005,59.37
6/17/2005,58.47
6/16/2005,56.58
6/15/2005,55.57
6/14/2005,55
6/13/2005,55.62
6/10/2005,53.54
6/9/2005,54.28
6/8/2005,52.54
6/7/2005,53.76
6/6/2005,54.49
6/3/2005,55.03
6/2/2005,53.63
6/1/2005,54.6
5/31/2005,51.97
5/30/2005,0
5/27/2005,51.85
5/26/2005,51.01
5/25/2005,50.98
5/24/2005,49.67
5/23/2005,49.16
5/20/2005,46.8
5/19/2005,46.92
5/18/2005,47.25
5/17/2005,48.97
5/16/2005,48.61
5/13/2005,48.67
5/12/2005,48.54
5/11/2005,50.45
5/10/2005,52.07
5/9/2005,52.03
5/6/2005,50.96
5/5/2005,50.83
5/4/2005,50.13
5/3/2005,49.5
5/2/2005,50.92
4/29/2005,49.72
4/28/2005,51.77
4/27/2005,51.61
4/26/2005,54.2
4/25/2005,54.57
4/22/2005,55.39
4/21/2005,54.2
4/20/2005,52.44
4/19/2005,52.29
4/18/2005,50.37
4/15/2005,50.49
4/14/2005,51.13
4/13/2005,50.22
4/12/2005,51.86
4/11/2005,53.71
4/8/2005,53.32
4/7/2005,54.11
4/6/2005,55.85
4/5/2005,56.04
4/4/2005,57.01
4/1/2005,57.27
3/31/2005,55.4
3/30/2005,53.99
3/29/2005,54.23
3/28/2005,54.05
3/25/2005,0
3/24/2005,54.84
3/23/2005,53.81
3/22/2005,56.03
3/21/2005,56.62
3/18/2005,56.72
3/17/2005,56.4
3/16/2005,56.46
3/15/2005,55.05
3/14/2005,54.95
3/11/2005,54.43
3/10/2005,53.54
3/9/2005,54.77
3/8/2005,54.59
3/7/2005,53.89
3/4/2005,53.78
3/3/2005,53.57
3/2/2005,53.05
3/1/2005,51.68
2/28/2005,51.75
2/25/2005,51.49
2/24/2005,51.39
2/23/2005,51.17
2/22/2005,51.15
2/21/2005,0
2/18/2005,48.35
2/17/2005,47.54
2/16/2005,48.33
2/15/2005,47.26
2/14/2005,47.44
2/11/2005,47.16
2/10/2005,47.1
2/9/2005,45.46
2/8/2005,45.4
2/7/2005,45.28
2/4/2005,46.48
2/3/2005,46.45
2/2/2005,46.69
2/1/2005,47.12
1/31/2005,48.2
1/28/2005,47.18
1/27/2005,48.84
1/26/2005,48.78
1/25/2005,49.64
1/24/2005,48.81
1/21/2005,48.53
1/20/2005,46.91
1/19/2005,47.55
1/18/2005,48.38
1/17/2005,0
1/14/2005,48.38
1/13/2005,48.04
1/12/2005,46.37
1/11/2005,45.68
1/10/2005,45.33
1/7/2005,45.43
1/6/2005,45.56
1/5/2005,43.39
1/4/2005,43.91
1/3/2005,42.12
12/31/2004,0
12/30/2004,43.45
12/29/2004,43.64
12/28/2004,41.77
12/27/2004,41.32
12/24/2004,0
12/23/2004,44.18
12/22/2004,44.24
12/21/2004,45.76
12/20/2004,45.64
12/17/2004,46.28
12/16/2004,44.18
12/15/2004,44.19
12/14/2004,41.82
12/13/2004,41.01
12/10/2004,40.71
12/9/2004,42.53
12/8/2004,41.94
12/7/2004,41.46
12/6/2004,42.98
12/3/2004,42.54
12/2/2004,43.25
12/1/2004,45.49
11/30/2004,49.13
11/29/2004,49.76
11/26/2004,0
11/25/2004,0
11/24/2004,49.44
11/23/2004,48.94
11/22/2004,48.64
11/19/2004,48.44
11/18/2004,46.22
11/17/2004,46.84
11/16/2004,46.11
11/15/2004,46.87
11/12/2004,47.32
11/11/2004,47.42
11/10/2004,48.86
11/9/2004,47.37
11/8/2004,49.09
11/5/2004,49.61
11/4/2004,48.82
11/3/2004,50.88
11/2/2004,49.62
11/1/2004,50.13
10/29/2004,51.76
10/28/2004,50.92
10/27/2004,52.46
10/26/2004,55.17
10/25/2004,54.54
10/22/2004,55.17
10/21/2004,54.47
10/20/2004,54.92
10/19/2004,53.29
10/18/2004,53.67
10/15/2004,54.93
10/14/2004,54.76
10/13/2004,53.64
10/12/2004,52.51
10/11/2004,53.64
10/8/2004,53.31
10/7/2004,52.67
10/6/2004,52.02
10/5/2004,51.09
10/4/2004,49.91
10/1/2004,50.12
9/30/2004,49.64
9/29/2004,49.51
9/28/2004,49.9
9/27/2004,49.64
9/24/2004,48.88
9/23/2004,48.46
9/22/2004,48.35
9/21/2004,47.1
9/20/2004,46.35
9/17/2004,45.59
9/16/2004,43.88
9/15/2004,43.58
9/14/2004,44.39
9/13/2004,43.87
9/10/2004,42.81
9/9/2004,44.61
9/8/2004,42.77
9/7/2004,43.31
9/6/2004,0
9/3/2004,43.99
9/2/2004,44.06
9/1/2004,44
8/31/2004,42.12
8/30/2004,42.28
8/27/2004,43.18
8/26/2004,43.1
8/25/2004,43.47
8/24/2004,45.21
8/23/2004,46.05
8/20/2004,47.86
8/19/2004,48.7
8/18/2004,47.27
8/17/2004,46.75
8/16/2004,46.05
8/13/2004,46.58
8/12/2004,45.5
8/11/2004,44.8
8/10/2004,44.52
8/9/2004,44.84
8/6/2004,43.95
8/5/2004,44.41
8/4/2004,42.83
8/3/2004,44.15
8/2/2004,43.82
7/30/2004,43.8
7/29/2004,42.75
7/28/2004,42.9
7/27/2004,41.84
7/26/2004,41.44
7/23/2004,41.71
7/22/2004,41.36
7/21/2004,40.58
7/20/2004,40.86
7/19/2004,41.64
7/16/2004,41.25
7/15/2004,40.77
7/14/2004,40.97
7/13/2004,39.44
7/12/2004,39.5
7/9/2004,39.96
7/8/2004,40.33
7/7/2004,39.08
7/6/2004,39.65
7/5/2004,0
7/2/2004,38.39
7/1/2004,38.74
6/30/2004,37.05
6/29/2004,35.66
6/28/2004,36.24
6/25/2004,37.55
6/24/2004,37.93
6/23/2004,37.57
6/22/2004,38.11
6/21/2004,37.63
6/18/2004,38.75
6/17/2004,38.46
6/16/2004,37.32
6/15/2004,37.19
6/14/2004,37.59
6/11/2004,0
6/10/2004,38.45
6/9/2004,37.54
6/8/2004,37.28
6/7/2004,38.66
6/4/2004,38.49
6/3/2004,39.28
6/2/2004,39.96
6/1/2004,42.33
5/31/2004,0
5/28/2004,39.88
5/27/2004,39.44
5/26/2004,40.7
5/25/2004,41.14
5/24/2004,41.72
5/21/2004,39.93
5/20/2004,40.92
5/19/2004,41.5
5/18/2004,40.54
5/17/2004,41.55
5/14/2004,41.38
5/13/2004,41.08
5/12/2004,40.77
5/11/2004,40.06
5/10/2004,38.93
5/7/2004,39.93
5/6/2004,39.37
5/5/2004,39.57
5/4/2004,38.98
5/3/2004,38.21
4/30/2004,37.38
4/29/2004,37.31
4/28/2004,37.46
4/27/2004,37.53
4/26/2004,36.97
4/23/2004,36.46
4/22/2004,36.71
4/21/2004,35.73
4/20/2004,37.6
4/19/2004,37.42
4/16/2004,37.74
4/15/2004,37.57
4/14/2004,36.72
4/13/2004,37.21
4/12/2004,37.84
4/9/2004,0
4/8/2004,37.14
4/7/2004,36.15
4/6/2004,34.97
4/5/2004,34.38
4/2/2004,34.39
4/1/2004,34.27
3/31/2004,35.76
3/30/2004,36.25
3/29/2004,35.45
3/26/2004,35.73
3/25/2004,35.51
3/24/2004,37.01
3/23/2004,37.45
3/22/2004,37.11
3/19/2004,38.08
3/18/2004,37.93
3/17/2004,38.18
3/16/2004,37.48
3/15/2004,37.44
3/12/2004,36.19
3/11/2004,36.78
3/10/2004,36.1
3/9/2004,36.28
3/8/2004,36.57
3/5/2004,37.26
3/4/2004,36.64
3/3/2004,35.8
3/2/2004,36.66
3/1/2004,36.86
2/27/2004,36.16
2/26/2004,35.51
2/25/2004,35.68
2/24/2004,34.58
2/23/2004,34.35
2/20/2004,35.6
2/19/2004,36
2/18/2004,35.45
2/17/2004,35.16
2/16/2004,0
2/13/2004,34.56
2/12/2004,33.98
2/11/2004,34
2/10/2004,33.87
2/9/2004,32.83
2/6/2004,32.48
2/5/2004,33.08
2/4/2004,33.1
2/3/2004,34.1
2/2/2004,34.98
1/30/2004,33.05
1/29/2004,32.81
1/28/2004,33.62
1/27/2004,34.12
1/26/2004,34.47
1/23/2004,34.94
1/22/2004,34.93
1/21/2004,34.58
1/20/2004,36.2
1/19/2004,0
1/16/2004,35.07
1/15/2004,33.44
1/14/2004,34.5
1/13/2004,34.43
1/12/2004,34.72
1/9/2004,34.31
1/8/2004,33.98
1/7/2004,33.62
1/6/2004,33.7
1/5/2004,33.78
1/2/2004,0
1/1/2004,0
12/31/2003,32.52
12/30/2003,32.79
12/29/2003,32.4
12/26/2003,0
12/25/2003,0
12/24/2003,32.86
12/23/2003,31.95
12/22/2003,31.87
12/19/2003,33.02
12/18/2003,33.71
12/17/2003,33.35
12/16/2003,32.89
12/15/2003,33.18
12/12/2003,33.04
12/11/2003,31.85
12/10/2003,31.88
12/9/2003,31.76
12/8/2003,32.1
12/5/2003,30.73
12/4/2003,31.26
12/3/2003,31.1
12/2/2003,30.78
12/1/2003,29.95
11/28/2003,0
11/27/2003,0
11/26/2003,30.41
11/25/2003,29.77
11/24/2003,29.74
11/21/2003,31.61
11/20/2003,32.86
11/19/2003,32.92
11/18/2003,33.28
11/17/2003,31.73
11/14/2003,32.37
11/13/2003,31.9
11/12/2003,31.33
11/11/2003,31.15
11/10/2003,30.88
11/7/2003,30.85
11/6/2003,30.26
11/5/2003,30.3
11/4/2003,28.75
11/3/2003,28.9
10/31/2003,29.11
10/30/2003,28.47
10/29/2003,28.91
10/28/2003,29.56
10/27/2003,29.92
10/24/2003,30.16
10/23/2003,30.3
10/22/2003,29.92
10/21/2003,30.18
10/20/2003,30.35
10/17/2003,30.68
10/16/2003,31.54
10/15/2003,31.77
10/14/2003,31.82
10/13/2003,31.95
10/10/2003,31.97
10/9/2003,31.01
10/8/2003,29.81
10/7/2003,30.41
10/6/2003,30.47
10/3/2003,30.4
10/2/2003,29.84
10/1/2003,29.39
9/30/2003,29.2
9/29/2003,28.4
9/26/2003,28.16
9/25/2003,28.29
9/24/2003,28.24
9/23/2003,27.13
9/22/2003,26.96
9/19/2003,27.03
9/18/2003,27.17
9/17/2003,27.03
9/16/2003,27.56
9/15/2003,28.14
9/12/2003,28.27
9/11/2003,28.82
9/10/2003,29.35
9/9/2003,29.18
9/8/2003,28.85
9/5/2003,28.88
9/4/2003,28.98
9/3/2003,29.49
9/2/2003,29.41
9/1/2003,0
8/29/2003,31.57
8/28/2003,31.5
8/27/2003,31.21
8/26/2003,31.95
8/25/2003,31.56
8/22/2003,31.84
8/21/2003,31.88
8/20/2003,30.95
8/19/2003,30.7
8/18/2003,30.89
8/15/2003,31.05
8/14/2003,31.09
8/13/2003,30.78
8/12/2003,31.92
8/11/2003,32.01
8/8/2003,32.18
8/7/2003,32.39
8/6/2003,31.7
8/5/2003,32.22
8/4/2003,31.84
8/1/2003,32.31
7/31/2003,30.54
7/30/2003,30.68
7/29/2003,30.24
7/28/2003,30.11
7/25/2003,30.17
7/24/2003,30.22
7/23/2003,29.67
7/22/2003,30.19
7/21/2003,31.78
7/18/2003,31.96
7/17/2003,31.41
7/16/2003,31.05
7/15/2003,31.62
7/14/2003,31.27
7/11/2003,31.28
7/10/2003,31.06
7/9/2003,30.88
7/8/2003,30.22
7/7/2003,30.13
7/4/2003,0
7/3/2003,30.42
7/2/2003,30.15
7/1/2003,30.4
6/30/2003,30.19
6/27/2003,29.27
6/26/2003,29.01
6/25/2003,29.95
6/24/2003,28.78
6/23/2003,29.17
6/20/2003,30.82
6/19/2003,29.96
6/18/2003,30.36
6/17/2003,31.07
6/16/2003,31.18
6/13/2003,30.65
6/12/2003,31.51
6/11/2003,32.36
6/10/2003,31.73
6/9/2003,31.45
6/6/2003,31.28
6/5/2003,30.74
6/4/2003,30.05
6/3/2003,30.67
6/2/2003,30.71
5/30/2003,29.56
5/29/2003,29.1
5/28/2003,28.58
5/27/2003,29.35
5/26/2003,0
5/23/2003,29.16
5/22/2003,28.85
5/21/2003,29.03
5/20/2003,29.28
5/19/2003,28.83
5/16/2003,29.14
5/15/2003,28.74
5/14/2003,29.17
5/13/2003,28.5
5/12/2003,27.35
5/9/2003,27.72
5/8/2003,26.98
5/7/2003,26.23
5/6/2003,25.72
5/5/2003,26.49
5/2/2003,25.67
5/1/2003,26.03
4/30/2003,25.8
4/29/2003,25.24
4/28/2003,25.49
4/25/2003,26.26
4/24/2003,26.64
4/23/2003,26.65
4/22/2003,29.91
4/21/2003,30.87
4/18/2003,0
4/17/2003,30.55
4/16/2003,29.18
4/15/2003,29.29
4/14/2003,28.63
4/11/2003,28.14
4/10/2003,27.46
4/9/2003,28.85
4/8/2003,28
4/7/2003,27.96
4/4/2003,28.62
4/3/2003,28.97
4/2/2003,28.56
4/1/2003,29.78
3/31/2003,31.04
3/28/2003,30.16
3/27/2003,30.37
3/26/2003,28.63
3/25/2003,27.97
3/24/2003,28.66
3/21/2003,26.91
3/20/2003,28.61
3/19/2003,29.88
3/18/2003,31.67
3/17/2003,34.93
3/14/2003,35.38
3/13/2003,36.01
3/12/2003,37.83
3/11/2003,36.72
3/10/2003,37.27
3/7/2003,37.78
3/6/2003,37
3/5/2003,36.69
3/4/2003,36.89
3/3/2003,35.88
2/28/2003,36.6
2/27/2003,37.2
2/26/2003,37.7
2/25/2003,36.06
2/24/2003,36.48
2/21/2003,35.58
2/20/2003,36.79
2/19/2003,37.16
2/18/2003,36.96
2/17/2003,0
2/14/2003,36.8
2/13/2003,36.36
2/12/2003,35.77
2/11/2003,35.44
2/10/2003,34.48
2/7/2003,35.12
2/6/2003,34.16
2/5/2003,33.93
2/4/2003,33.58
2/3/2003,32.76
1/31/2003,33.51
1/30/2003,33.85
1/29/2003,33.63
1/28/2003,32.67
1/27/2003,32.29
1/24/2003,33.28
1/23/2003,32.25
1/22/2003,32.85
1/21/2003,34.61
1/20/2003,0
1/17/2003,33.91
1/16/2003,33.66
1/15/2003,33.2
1/14/2003,32.37
1/13/2003,32.26
1/10/2003,31.68
1/9/2003,31.99
1/8/2003,30.56
1/7/2003,31.08
1/6/2003,32.1
1/3/2003,33.08
1/2/2003,31.85
1/1/2003,0
12/31/2002,31.2
12/30/2002,31.37
12/27/2002,32.72
12/26/2002,32.49
12/25/2002,0
12/24/2002,31.97
12/23/2002,31.75
12/20/2002,30.3
12/19/2002,30.56
12/18/2002,30.44
12/17/2002,30.1
12/16/2002,30.1
12/13/2002,28.44
12/12/2002,27.92
12/11/2002,27.4
12/10/2002,27.75
12/9/2002,27.26
12/6/2002,26.93
12/5/2002,27.29
12/4/2002,26.73
12/3/2002,27.3
12/2/2002,27.24
11/29/2002,0
11/28/2002,0
11/27/2002,26.89
11/26/2002,26.4
11/25/2002,26.11
11/22/2002,26.76
11/21/2002,26.35
11/20/2002,26.98
11/19/2002,26.42
11/18/2002,26.71
11/15/2002,25.51
11/14/2002,25.29
11/13/2002,25.19
11/12/2002,25.9
11/11/2002,25.94
11/8/2002,25.78
11/7/2002,25.38
11/6/2002,25.77
11/5/2002,26.14
11/4/2002,26.95
11/1/2002,27.13
10/31/2002,27.22
10/30/2002,26.81
10/29/2002,26.86
10/28/2002,27.29
10/25/2002,27.05
10/24/2002,28.2
10/23/2002,28.18
10/22/2002,27.92
10/21/2002,28.38
10/18/2002,29.6
10/17/2002,29.62
10/16/2002,29.47
10/15/2002,29.72
10/14/2002,30.03
10/11/2002,29.37
10/10/2002,28.97
10/9/2002,29.35
10/8/2002,29.48
10/7/2002,29.64
10/4/2002,29.62
10/3/2002,29.76
10/2/2002,30.49
10/1/2002,30.83
9/30/2002,30.47
9/27/2002,30.54
9/26/2002,30.41
9/25/2002,30.64
9/24/2002,30.77
9/23/2002,30.71
9/20/2002,29.84
9/19/2002,29.5
9/18/2002,29.48
9/17/2002,29.08
9/16/2002,29.67
9/13/2002,29.81
9/12/2002,28.85
9/11/2002,29.77
9/10/2002,29.73
9/9/2002,29.73
9/6/2002,29.61
9/5/2002,28.98
9/4/2002,28.27
9/3/2002,27.79
9/2/2002,0
8/30/2002,28.98
8/29/2002,28.92
8/28/2002,28.34
8/27/2002,28.83
8/26/2002,29.28
8/23/2002,28.73
8/22/2002,28.84
8/21/2002,29.24
8/20/2002,30.11
8/19/2002,29.84
8/16/2002,29.33
8/15/2002,29.06
8/14/2002,28.15
8/13/2002,27.9
8/12/2002,27.86
8/9/2002,26.86
8/8/2002,26.67
8/7/2002,26.5
8/6/2002,27.17
8/5/2002,26.58
8/2/2002,26.84
8/1/2002,26.47
7/31/2002,27.02
7/30/2002,27.36
7/29/2002,26.55
7/26/2002,26.54
7/25/2002,26.77
7/24/2002,26.87
7/23/2002,26.31
7/22/2002,26.6
7/19/2002,27.83
7/18/2002,27.57
7/17/2002,27.88
7/16/2002,27.75
7/15/2002,27.07
7/12/2002,27.47
7/11/2002,26.83
7/10/2002,26.77
7/9/2002,26.09
7/8/2002,26.07
7/5/2002,0
7/4/2002,0
7/3/2002,26.8
7/2/2002,26.77
7/1/2002,26.81
6/28/2002,26.86
6/27/2002,26.86
6/26/2002,26.76
6/25/2002,26.32
6/24/2002,26.47
6/21/2002,25.75
6/20/2002,25.6
6/19/2002,25.3
6/18/2002,25.35
6/17/2002,26.09
6/14/2002,25.87
6/13/2002,25.64
6/12/2002,24.68
6/11/2002,24.18
6/10/2002,24.32
6/7/2002,24.73
6/6/2002,24.93
6/5/2002,24.89
6/4/2002,25.3
6/3/2002,25.11
5/31/2002,25.35
5/30/2002,24.7
5/29/2002,25.72
5/28/2002,25.18
5/27/2002,0
5/24/2002,25.88
5/23/2002,26.15
5/22/2002,26.45
5/21/2002,27
5/20/2002,28.2
5/17/2002,28.2
5/16/2002,27.97
5/15/2002,28.2
5/14/2002,29.3
5/13/2002,28.45
5/10/2002,27.88
5/9/2002,27.7
5/8/2002,27.73
5/7/2002,26.62
5/6/2002,26.08
5/3/2002,26.72
5/2/2002,26.35
5/1/2002,26.74
4/30/2002,27.29
4/29/2002,27.52
4/26/2002,27.15
4/25/2002,26.67
4/24/2002,26.43
4/23/2002,26.59
4/22/2002,26.3
4/19/2002,26.4
4/18/2002,26.09
4/17/2002,25.92
4/16/2002,24.85
4/15/2002,24.55
4/12/2002,23.45
4/11/2002,25.02
4/10/2002,26.12
4/9/2002,25.8
4/8/2002,26.55
4/5/2002,26.22
4/4/2002,26.68
4/3/2002,27.56
4/2/2002,27.7
4/1/2002,26.86
3/29/2002,0
3/28/2002,26.23
3/27/2002,25.87
3/26/2002,25.43
3/25/2002,25.02
3/22/2002,25.26
3/21/2002,25.6
3/20/2002,24.7
3/19/2002,25.05
3/18/2002,25.05
3/15/2002,24.48
3/14/2002,24.55
3/13/2002,24.15
3/12/2002,24.15
3/11/2002,24.3
3/8/2002,23.85
3/7/2002,23.78
3/6/2002,23.22
3/5/2002,23.17
3/4/2002,22.5
3/1/2002,22.36
2/28/2002,21.85
2/27/2002,21.29
2/26/2002,21.36
2/25/2002,20.42
2/22/2002,21.08
2/21/2002,21.05
2/20/2002,20.23
2/19/2002,20.87
2/18/2002,0
2/15/2002,21.5
2/14/2002,21.22
2/13/2002,21.15
2/12/2002,20.75
2/11/2002,21.32
2/8/2002,20.25
2/7/2002,19.68
2/6/2002,19.75
2/5/2002,20.05
2/4/2002,20.06
2/1/2002,20.4
1/31/2002,19.48
1/30/2002,19.15
1/29/2002,19.57
1/28/2002,20.05
1/25/2002,20
1/24/2002,19.72
1/23/2002,19.48
1/22/2002,18.6
1/21/2002,0
1/18/2002,18
1/17/2002,18.04
1/16/2002,18.86
1/15/2002,18.9
1/14/2002,18.89
1/11/2002,19.68
1/10/2002,20.38
1/9/2002,20.18
1/8/2002,21.25
1/7/2002,21.48
1/4/2002,21.62
1/3/2002,20.37
1/2/2002,21.01
1/1/2002,0
12/31/2001,19.84
12/28/2001,20.41
12/27/2001,20.9
12/26/2001,21.27
12/25/2001,0
12/24/2001,0
12/21/2001,19.62
12/20/2001,19.28
12/19/2001,19.8
12/18/2001,19.36
12/17/2001,19.22
12/14/2001,19.29
12/13/2001,18.12
12/12/2001,18.36
12/11/2001,18.08
12/10/2001,18.37
12/7/2001,19.04
12/6/2001,18.54
12/5/2001,19.49
12/4/2001,19.65
12/3/2001,20.09
11/30/2001,19.44
11/29/2001,18.62
11/28/2001,19.22
11/27/2001,19.48
11/26/2001,18.69
11/23/2001,0
11/22/2001,0
11/21/2001,18.96
11/20/2001,19.15
11/19/2001,17.72
11/16/2001,18.03
11/15/2001,17.45
11/14/2001,19.74
11/13/2001,21.67
11/12/2001,21.23
11/9/2001,22.22
11/8/2001,21.17
11/7/2001,20.09
11/6/2001,19.92
11/5/2001,20.02
11/2/2001,20.18
11/1/2001,20.39
10/31/2001,21.18
10/30/2001,21.87
10/29/2001,22.15
10/26/2001,22.05
10/25/2001,22.01
10/24/2001,22.33
10/23/2001,21.85
10/22/2001,21.76
10/19/2001,21.83
10/18/2001,21.31
10/17/2001,21.81
10/16/2001,22
10/15/2001,22.29
10/12/2001,22.5
10/11/2001,23.34
10/10/2001,22.53
10/9/2001,22.48
10/8/2001,22.45
10/5/2001,22.39
10/4/2001,22.63
10/3/2001,22.08
10/2/2001,22.79
10/1/2001,23.28
9/28/2001,23.43
9/27/2001,22.74
9/26/2001,22.38
9/25/2001,21.81
9/24/2001,22.01
9/21/2001,25.97
9/20/2001,26.59
9/19/2001,26.72
9/18/2001,27.7
9/17/2001,28.81
9/14/2001,29.53
9/13/2001,0
9/12/2001,0
9/11/2001,0
9/10/2001,27.63
9/7/2001,28.03
9/6/2001,27.58
9/5/2001,26.95
9/4/2001,26.93
9/3/2001,0
8/31/2001,27.2
8/30/2001,26.55
8/29/2001,27.05
8/28/2001,27.17
8/27/2001,26.67
8/24/2001,26.9
8/23/2001,26.63
8/22/2001,26.37
8/21/2001,27.85
8/20/2001,27.18
8/17/2001,26.63
8/16/2001,27.45
8/15/2001,27.56
8/14/2001,28.01
8/13/2001,27.82
8/10/2001,28.05
8/9/2001,27.64
8/8/2001,27.54
8/7/2001,27.94
8/6/2001,27.74
8/3/2001,27.62
8/2/2001,27.71
8/1/2001,26.77
7/31/2001,26.35
7/30/2001,26.63
7/27/2001,27.02
7/26/2001,26.73
7/25/2001,26.84
7/24/2001,26.31
7/23/2001,26.12
7/20/2001,25.59
7/19/2001,24.7
7/18/2001,24.89
7/17/2001,25.57
7/16/2001,26.06
7/13/2001,26.59
7/12/2001,26.8
7/11/2001,27.11
7/10/2001,27.49
7/9/2001,27.59
7/6/2001,28.21
7/5/2001,27.02
7/4/2001,0
7/3/2001,26.24
7/2/2001,25.95
6/29/2001,26.25
6/28/2001,25.56
6/27/2001,25.61
6/26/2001,26.98
6/25/2001,27.25
6/22/2001,26.83
6/21/2001,26.56
6/20/2001,26.5
6/19/2001,27.48
6/18/2001,27.55
6/15/2001,28.51
6/14/2001,29.04
6/13/2001,28.84
6/12/2001,29.18
6/11/2001,29.04
6/8/2001,28.4
6/7/2001,27.75
6/6/2001,27.72
6/5/2001,28.24
6/4/2001,28.13
6/1/2001,27.93
5/31/2001,28.37
5/30/2001,28.55
5/29/2001,28.66
5/28/2001,0
5/25/2001,28.38
5/24/2001,28.41
5/23/2001,29.58
5/22/2001,29.74
5/21/2001,29.98
5/18/2001,29.91
5/17/2001,28.91
5/16/2001,28.86
5/15/2001,28.98
5/14/2001,28.71
5/11/2001,28.55
5/10/2001,28.52
5/9/2001,28.23
5/8/2001,27.39
5/7/2001,27.77
5/4/2001,28.36
5/3/2001,28.45
5/2/2001,27.8
5/1/2001,28.94
4/30/2001,28.46
4/27/2001,28.27
4/26/2001,28.44
4/25/2001,27.29
4/24/2001,26.86
4/23/2001,27.61
4/20/2001,27.28
4/19/2001,27.83
4/18/2001,27.95
4/17/2001,28.24
4/16/2001,28.79
4/13/2001,0
4/12/2001,28.25
4/11/2001,28.18
4/10/2001,28.48
4/9/2001,27.34
4/6/2001,27.06
4/5/2001,27.26
4/4/2001,27.12
4/3/2001,26.19
4/2/2001,25.59
3/30/2001,26.4
3/29/2001,26.35
3/28/2001,26.25
3/27/2001,27.75
3/26/2001,27.46
3/23/2001,27.3
3/22/2001,26.52
3/21/2001,26.8
3/20/2001,25.9
3/19/2001,26.18
3/16/2001,26.7
3/15/2001,26.65
3/14/2001,26.45
3/13/2001,27.45
3/12/2001,28
3/9/2001,27.8
3/8/2001,28.49
3/7/2001,28.95
3/6/2001,28.3
3/5/2001,28.6
3/2/2001,27.84
3/1/2001,27.65
2/28/2001,27.42
2/27/2001,28.12
2/26/2001,28.44
2/23/2001,29
2/22/2001,28.82
2/21/2001,28.55
2/20/2001,28.58
2/19/2001,0
2/16/2001,29.16
2/15/2001,28.8
2/14/2001,29.75
2/13/2001,30.34
2/12/2001,30.55
2/9/2001,31.05
2/8/2001,31.56
2/7/2001,31.2
2/6/2001,30.35
2/5/2001,30.5
2/2/2001,31.25
2/1/2001,29.8
1/31/2001,28.7
1/30/2001,29.06
1/29/2001,29.06
1/26/2001,29.78
1/25/2001,29.36
1/24/2001,29.05
1/23/2001,29.57
1/22/2001,32
1/19/2001,32.1
1/18/2001,30.45
1/17/2001,29.65
1/16/2001,30.35
1/15/2001,0
1/12/2001,30.05
1/11/2001,29.5
1/10/2001,29.5
1/9/2001,27.72
1/8/2001,27.35
1/5/2001,28
1/4/2001,28.2
1/3/2001,27.95
1/2/2001,27.2
1/1/2001,0
12/29/2000,26.8
12/28/2000,25.85
12/27/2000,26.45
12/26/2000,26.65
12/25/2000,0
12/22/2000,26.18
12/21/2000,26.05
12/20/2000,25.67
12/19/2000,28.8
12/18/2000,29.65
12/15/2000,28.85
12/14/2000,27.9
12/13/2000,28.5
12/12/2000,29.69
12/11/2000,29.45
12/8/2000,28.5
12/7/2000,29.36
12/6/2000,29.85
12/5/2000,29.55
12/4/2000,31.3
12/1/2000,32.05
11/30/2000,33.8
11/29/2000,34.63
11/28/2000,34.25
11/27/2000,35.38
11/24/2000,0
11/23/2000,0
11/22/2000,35.4
11/21/2000,35.15
11/20/2000,35.22
11/17/2000,35.6
11/16/2000,35.05
11/15/2000,35.6
11/14/2000,34.85
11/13/2000,34.43
11/10/2000,34.09
11/9/2000,33.95
11/8/2000,33.29
11/7/2000,33.4
11/6/2000,32.86
11/3/2000,32.6
11/2/2000,32.54
11/1/2000,33.2
10/31/2000,32.69
10/30/2000,32.81
10/27/2000,32.7
10/26/2000,33.75
10/25/2000,32.96
10/24/2000,33.37
10/23/2000,33.73
10/20/2000,34.3
10/19/2000,32.95
10/18/2000,33.55
10/17/2000,32.95
10/16/2000,33.1
10/13/2000,35.05
10/12/2000,36.1
10/11/2000,33.15
10/10/2000,33.15
10/9/2000,31.88
10/6/2000,30.85
10/5/2000,30.65
10/4/2000,31.5
10/3/2000,32.07
10/2/2000,32.15
9/29/2000,30.86
9/28/2000,30.3
9/27/2000,31.5
9/26/2000,31.5
9/25/2000,31.57
9/22/2000,32.65
9/21/2000,33.95
9/20/2000,37.5
9/19/2000,36.5
9/18/2000,36.88
9/15/2000,35.85
9/14/2000,34.1
9/13/2000,33.8
9/12/2000,34.2
9/11/2000,35.1
9/8/2000,33.7
9/7/2000,35.33
9/6/2000,34.95
9/5/2000,33.8
9/4/2000,0
9/1/2000,33.38
